epoch,time,train/box_loss,train/seg_loss,train/cls_loss,train/dfl_loss,train/sem_loss,metrics/precision(B),metrics/recall(B),metrics/mAP50(B),metrics/mAP50-95(B),metrics/precision(M),metrics/recall(M),metrics/mAP50(M),metrics/mAP50-95(M),val/box_loss,val/seg_loss,val/cls_loss,val/dfl_loss,val/sem_loss,lr/pg0,lr/pg1,lr/pg2
1,141.041,0.54201,0.79251,4.49576,0.00316,7.23372,0.70665,0.11766,0.17175,0.15849,0.70665,0.11766,0.17256,0.15955,0.44722,0.35726,3.68205,0.00342,0,0.000138554,0.000138554,0.000138554
2,298.251,0.50525,0.42844,3.12003,0.00301,4.8004,0.81446,0.19823,0.28988,0.27847,0.81446,0.19823,0.29,0.27443,0.30027,0.34171,3.02175,0.00239,0,0.000274807,0.000274807,0.000274807
3,435.645,0.51321,0.40245,2.53063,0.00298,3.70405,0.47409,0.48137,0.44645,0.42961,0.47409,0.48137,0.44645,0.42256,0.3724,0.29641,2.58092,0.00292,0,0.000408307,0.000408307,0.000408307
4,531.475,0.51425,0.39694,2.22159,0.00305,3.08545,0.53399,0.61737,0.61041,0.58809,0.53351,0.61598,0.6101,0.5866,0.34625,0.30083,2.31576,0.00276,0,0.000404615,0.000404615,0.000404615
5,627.59,0.4937,0.37275,1.94979,0.00295,2.59961,0.60211,0.66803,0.68856,0.66545,0.60446,0.66926,0.68892,0.66193,0.33252,0.28919,1.9883,0.00259,0,0.000400487,0.000400487,0.000400487
6,722.188,0.48291,0.37254,1.70676,0.00288,2.06035,0.58502,0.76533,0.74722,0.72509,0.58502,0.76533,0.74722,0.72385,0.29764,0.28671,1.74252,0.00249,0,0.000396358,0.000396358,0.000396358
7,819.582,0.45259,0.35112,1.50668,0.00273,1.64185,0.68111,0.73783,0.79919,0.77357,0.6816,0.73922,0.80017,0.76896,0.31067,0.27666,1.57645,0.00257,0,0.00039223,0.00039223,0.00039223
8,914.732,0.47871,0.35018,1.37092,0.0028,1.33509,0.6787,0.79641,0.82782,0.80041,0.6787,0.79641,0.8285,0.79759,0.30986,0.27193,1.46032,0.00255,0,0.000388102,0.000388102,0.000388102
9,1008.47,0.46286,0.35032,1.24906,0.00263,1.21556,0.70657,0.79902,0.84186,0.81575,0.70933,0.79836,0.84373,0.81973,0.28505,0.29624,1.29818,0.0023,0,0.000383974,0.000383974,0.000383974
10,1103.53,0.45153,0.33556,1.15714,0.00271,1.11958,0.77564,0.7828,0.86801,0.82635,0.77564,0.7828,0.86838,0.83974,0.32944,0.28978,1.18972,0.00284,0,0.000379845,0.000379845,0.000379845
11,1200.3,0.45256,0.33488,1.09892,0.00268,0.92224,0.76842,0.75823,0.83194,0.80488,0.76842,0.75823,0.83194,0.80677,0.29567,0.27176,1.16232,0.00246,0,0.000375717,0.000375717,0.000375717
12,1309.25,0.43909,0.33358,1.01129,0.0026,0.78643,0.78492,0.7823,0.8692,0.84398,0.78492,0.7823,0.8692,0.83898,0.2768,0.27465,1.03957,0.00225,0,0.000371589,0.000371589,0.000371589
13,1453.75,0.42447,0.32607,0.91269,0.00242,0.64466,0.76974,0.8089,0.8794,0.84808,0.76974,0.8089,0.87993,0.84991,0.29807,0.27083,0.96715,0.0025,0,0.00036746,0.00036746,0.00036746
14,1592.58,0.42607,0.32858,0.88755,0.00241,0.4628,0.78753,0.85847,0.89298,0.86924,0.78753,0.85847,0.89298,0.85876,0.28379,0.26675,0.84682,0.00221,0,0.000363332,0.000363332,0.000363332
15,1718.31,0.42904,0.31401,0.81445,0.00244,0.31791,0.76503,0.83948,0.88267,0.86051,0.76503,0.83948,0.88267,0.85455,0.28263,0.26935,0.85217,0.00228,0,0.000359204,0.000359204,0.000359204
16,1837.58,0.41072,0.31398,0.76965,0.00238,0.23507,0.80261,0.85775,0.91627,0.8902,0.80261,0.85775,0.91627,0.88489,0.28511,0.27406,0.75252,0.0025,0,0.000355076,0.000355076,0.000355076
17,2025.68,0.41785,0.3349,0.76134,0.00244,0.18727,0.80858,0.7964,0.86747,0.84723,0.80858,0.7964,0.86747,0.84022,0.26976,0.27389,0.78211,0.00214,0,0.000350947,0.000350947,0.000350947
18,2192.55,0.41957,0.32506,0.70532,0.00242,0.15375,0.82302,0.83033,0.89441,0.86542,0.82302,0.83033,0.89441,0.8661,0.29963,0.26368,0.70955,0.00245,0,0.000346819,0.000346819,0.000346819
19,2428.68,0.41661,0.30782,0.69306,0.0025,0.14966,0.85172,0.80705,0.89319,0.86482,0.85172,0.80705,0.89319,0.86201,0.28862,0.26894,0.69462,0.00235,0,0.000342691,0.000342691,0.000342691
20,2634.62,0.40983,0.31147,0.64978,0.00235,0.13762,0.8313,0.86664,0.92128,0.8962,0.8313,0.86664,0.92128,0.8904,0.26941,0.26938,0.59739,0.00216,0,0.000338562,0.000338562,0.000338562
21,2814.22,0.41002,0.30449,0.60624,0.00229,0.12267,0.82405,0.8457,0.90749,0.8818,0.82405,0.8457,0.90749,0.87641,0.26618,0.26442,0.59776,0.00212,0,0.000334434,0.000334434,0.000334434
22,2986.48,0.40601,0.29565,0.58867,0.00232,0.11247,0.84154,0.86554,0.92846,0.90838,0.84154,0.86554,0.92846,0.89748,0.2639,0.26309,0.55545,0.00217,0,0.000330306,0.000330306,0.000330306
23,3126.1,0.39316,0.30314,0.57024,0.00226,0.09725,0.87904,0.84689,0.92884,0.904,0.87904,0.84689,0.92884,0.9046,0.26799,0.26805,0.52867,0.0021,0,0.000326177,0.000326177,0.000326177
24,3263.61,0.41265,0.29333,0.53877,0.00235,0.09088,0.82366,0.84734,0.90003,0.87963,0.82366,0.84734,0.90003,0.87298,0.25507,0.26452,0.56893,0.00196,0,0.000322049,0.000322049,0.000322049
25,3399.48,0.39783,0.30732,0.52217,0.00227,0.0908,0.87136,0.8663,0.93278,0.90345,0.87136,0.8663,0.93278,0.90828,0.30807,0.2656,0.49759,0.00237,0,0.000317921,0.000317921,0.000317921
26,3534.97,0.39635,0.29398,0.51671,0.00231,0.08728,0.8462,0.87736,0.92774,0.90967,0.8462,0.87736,0.92774,0.90049,0.25395,0.26425,0.48311,0.002,0,0.000313792,0.000313792,0.000313792
27,3672.66,0.38321,0.29013,0.4828,0.00218,0.08117,0.86741,0.88489,0.93804,0.91622,0.86741,0.88489,0.93804,0.90951,0.26124,0.26003,0.45749,0.00212,0,0.000309664,0.000309664,0.000309664
28,3810.95,0.3853,0.29361,0.4715,0.00222,0.07915,0.85652,0.88821,0.93115,0.90822,0.85652,0.88821,0.93115,0.90036,0.27603,0.26366,0.45991,0.00217,0,0.000305536,0.000305536,0.000305536
29,3946.82,0.37108,0.28499,0.45846,0.0021,0.07884,0.89825,0.88901,0.95444,0.93598,0.89825,0.88901,0.95444,0.92469,0.24305,0.25518,0.40159,0.00191,0,0.000301408,0.000301408,0.000301408
30,4083.19,0.36665,0.27635,0.44209,0.00208,0.06993,0.87507,0.91004,0.9524,0.93253,0.87507,0.91004,0.9524,0.92521,0.2608,0.25128,0.39863,0.00213,0,0.000297279,0.000297279,0.000297279
31,4221.28,0.37723,0.27797,0.44721,0.00212,0.07787,0.8935,0.89718,0.95596,0.93083,0.8935,0.89718,0.95596,0.92325,0.25598,0.25302,0.38605,0.00206,0,0.000293151,0.000293151,0.000293151
32,4365.03,0.37971,0.2857,0.46996,0.00218,0.08467,0.88386,0.89774,0.94699,0.9239,0.88386,0.89774,0.94699,0.91267,0.25908,0.258,0.38968,0.00219,0,0.000289023,0.000289023,0.000289023
33,4501.03,0.36853,0.2832,0.42448,0.00212,0.0685,0.8994,0.89528,0.95769,0.93659,0.8994,0.89528,0.95769,0.92673,0.259,0.25595,0.37325,0.00211,0,0.000284894,0.000284894,0.000284894
34,4637.87,0.36415,0.28839,0.41111,0.00213,0.06356,0.88531,0.89586,0.95654,0.93738,0.88531,0.89586,0.95654,0.92818,0.23961,0.25136,0.34628,0.00188,0,0.000280766,0.000280766,0.000280766
35,4775.1,0.37368,0.29998,0.39848,0.00215,0.06011,0.91447,0.90112,0.95679,0.94192,0.91447,0.90112,0.95679,0.9298,0.25037,0.25059,0.34977,0.00201,0,0.000276638,0.000276638,0.000276638
36,4915.81,0.36278,0.27844,0.37665,0.00197,0.05617,0.90526,0.89318,0.95519,0.93826,0.90526,0.89318,0.95519,0.92634,0.24631,0.25543,0.33816,0.00196,0,0.000272509,0.000272509,0.000272509
37,5055.74,0.35777,0.27543,0.38229,0.00204,0.06181,0.90441,0.88229,0.9437,0.92456,0.90441,0.88229,0.9437,0.9107,0.2599,0.25412,0.35967,0.0021,0,0.000268381,0.000268381,0.000268381
38,5191.3,0.36902,0.27949,0.37557,0.00217,0.05907,0.90554,0.88276,0.94205,0.9167,0.90554,0.88276,0.94205,0.91397,0.25629,0.25555,0.36494,0.00205,0,0.000264253,0.000264253,0.000264253
39,5325.88,0.36647,0.26752,0.37969,0.00212,0.0549,0.94287,0.87336,0.9589,0.93704,0.94287,0.87336,0.9589,0.93193,0.26695,0.25475,0.32532,0.00214,0,0.000260125,0.000260125,0.000260125
40,5462.78,0.3626,0.27735,0.35788,0.00206,0.0541,0.90873,0.88908,0.95148,0.92671,0.90873,0.88908,0.95148,0.92029,0.285,0.25878,0.33767,0.00228,0,0.000255996,0.000255996,0.000255996
41,5602.33,0.35263,0.27577,0.34352,0.00202,0.05039,0.90656,0.93468,0.96643,0.94508,0.90656,0.93468,0.96643,0.94014,0.24863,0.25676,0.3088,0.00197,0,0.000251868,0.000251868,0.000251868
42,5737.69,0.35869,0.29182,0.35592,0.00202,0.05391,0.9056,0.9007,0.95452,0.93785,0.9056,0.9007,0.95452,0.92291,0.24676,0.24847,0.34105,0.00192,0,0.00024774,0.00024774,0.00024774
43,5871.05,0.35627,0.27258,0.34507,0.00199,0.04863,0.92714,0.90481,0.96081,0.94224,0.92714,0.90481,0.96081,0.93363,0.23984,0.25111,0.31212,0.00187,0,0.000243611,0.000243611,0.000243611
44,6007.02,0.36076,0.27491,0.33202,0.00204,0.04251,0.94363,0.88759,0.95731,0.93935,0.94363,0.88759,0.95731,0.92713,0.24428,0.25302,0.31941,0.0019,0,0.000239483,0.000239483,0.000239483
45,6145.12,0.35023,0.26632,0.33135,0.002,0.04944,0.90606,0.90653,0.95144,0.93536,0.90606,0.90653,0.95144,0.92392,0.22885,0.25028,0.33328,0.00178,0,0.000235355,0.000235355,0.000235355
46,6280.95,0.34286,0.27869,0.3284,0.00188,0.05058,0.92613,0.89341,0.95438,0.93942,0.92613,0.89341,0.95438,0.92583,0.22993,0.24989,0.30571,0.00178,0,0.000231226,0.000231226,0.000231226
47,6416.89,0.34242,0.26864,0.32153,0.00189,0.048,0.90541,0.89687,0.95023,0.93231,0.90541,0.89687,0.95023,0.92008,0.24275,0.25274,0.33069,0.00197,0,0.000227098,0.000227098,0.000227098
48,6551.21,0.34592,0.27241,0.31979,0.00195,0.04641,0.92759,0.89612,0.95612,0.94011,0.92759,0.89612,0.95612,0.92705,0.23049,0.25131,0.29855,0.0018,0,0.00022297,0.00022297,0.00022297
49,6687.46,0.34015,0.26962,0.31506,0.00185,0.04589,0.9272,0.91252,0.96001,0.94298,0.9272,0.91252,0.96001,0.93583,0.23298,0.24986,0.28466,0.00182,0,0.000218842,0.000218842,0.000218842
50,6823.25,0.33075,0.28007,0.30599,0.00188,0.04435,0.9286,0.91854,0.96475,0.94695,0.9286,0.91854,0.96475,0.93552,0.2313,0.24888,0.27628,0.00178,0,0.000214713,0.000214713,0.000214713
51,6960.06,0.32653,0.26053,0.3044,0.00184,0.04501,0.91372,0.9163,0.9568,0.9415,0.91372,0.9163,0.9568,0.92958,0.23089,0.24935,0.28748,0.0018,0,0.000210585,0.000210585,0.000210585
52,7095.75,0.33431,0.26521,0.31601,0.00193,0.04735,0.93282,0.91182,0.96256,0.94607,0.93282,0.91182,0.96256,0.93223,0.24337,0.24896,0.27735,0.0019,0,0.000206457,0.000206457,0.000206457
53,7231.38,0.33489,0.26416,0.30006,0.0019,0.0404,0.9193,0.91837,0.96117,0.94704,0.9193,0.91837,0.96117,0.93554,0.22256,0.24926,0.27118,0.00171,0,0.000202328,0.000202328,0.000202328
54,7367.35,0.32588,0.26772,0.30149,0.00183,0.04607,0.92318,0.90315,0.95375,0.93543,0.92318,0.90315,0.95375,0.92737,0.23758,0.24617,0.28182,0.00185,0,0.0001982,0.0001982,0.0001982
55,7502.33,0.33319,0.27249,0.28598,0.00185,0.04115,0.93402,0.89698,0.96074,0.94633,0.93402,0.89698,0.96074,0.92977,0.23557,0.24502,0.2724,0.00184,0,0.000194072,0.000194072,0.000194072
56,7638.35,0.32732,0.25881,0.28396,0.00176,0.04104,0.91165,0.91626,0.94953,0.93485,0.91165,0.91626,0.94953,0.92308,0.22445,0.25039,0.29844,0.0017,0,0.000189943,0.000189943,0.000189943
57,7775.44,0.33178,0.26558,0.29143,0.00187,0.04293,0.9379,0.91972,0.96712,0.95318,0.9379,0.91972,0.96712,0.9388,0.22088,0.24711,0.24856,0.0017,0,0.000185815,0.000185815,0.000185815
58,7914.17,0.32224,0.26058,0.29041,0.00177,0.03954,0.91115,0.91375,0.95408,0.94116,0.91115,0.91375,0.95408,0.9267,0.2263,0.2468,0.27556,0.00177,0,0.000181687,0.000181687,0.000181687
59,8053.34,0.33162,0.26429,0.27975,0.00182,0.0383,0.91801,0.91332,0.96239,0.94801,0.91801,0.91332,0.96239,0.93247,0.23026,0.24791,0.26105,0.00171,0,0.000177559,0.000177559,0.000177559
60,8188.38,0.31944,0.24682,0.26899,0.00177,0.03673,0.92024,0.91382,0.95655,0.93998,0.92024,0.91382,0.95655,0.93139,0.24427,0.24989,0.2709,0.00191,0,0.00017343,0.00017343,0.00017343
61,8324.66,0.31045,0.2614,0.2745,0.00172,0.03773,0.93085,0.90745,0.96036,0.94524,0.93085,0.90745,0.96036,0.93094,0.21584,0.24862,0.25622,0.00169,0,0.000169302,0.000169302,0.000169302
62,8461,0.31646,0.25709,0.27038,0.00173,0.03732,0.91094,0.91309,0.95134,0.93802,0.91094,0.91309,0.95134,0.92566,0.22095,0.24894,0.28166,0.00168,0,0.000165174,0.000165174,0.000165174
63,8599.26,0.31605,0.25225,0.26472,0.00174,0.03678,0.91692,0.90996,0.9582,0.94347,0.91692,0.90996,0.9582,0.92891,0.22117,0.24845,0.26412,0.00169,0,0.000161045,0.000161045,0.000161045
64,8736.69,0.31676,0.25083,0.28543,0.0017,0.03991,0.92217,0.90402,0.95268,0.93633,0.92217,0.90402,0.95268,0.92067,0.21728,0.2497,0.27954,0.00166,0,0.000156917,0.000156917,0.000156917
65,8871.89,0.313,0.25767,0.26353,0.00172,0.0359,0.93089,0.90346,0.95587,0.94077,0.93089,0.90346,0.95587,0.92629,0.21742,0.24795,0.25833,0.00166,0,0.000152789,0.000152789,0.000152789
66,9008.95,0.31257,0.25211,0.26448,0.00166,0.03651,0.9352,0.91591,0.96134,0.94859,0.9352,0.91591,0.96134,0.93127,0.21867,0.25036,0.2543,0.00169,0,0.00014866,0.00014866,0.00014866
67,9148.1,0.3098,0.2573,0.25732,0.0017,0.03424,0.91688,0.92101,0.95995,0.94583,0.91688,0.92101,0.95995,0.93171,0.22094,0.24862,0.25943,0.00171,0,0.000144532,0.000144532,0.000144532
68,9294.61,0.31036,0.24793,0.26028,0.00168,0.03632,0.94149,0.91172,0.96438,0.94954,0.94149,0.91172,0.96438,0.9357,0.21744,0.25146,0.24249,0.00162,0,0.000140404,0.000140404,0.000140404
69,9429.47,0.3113,0.26297,0.25961,0.00165,0.03543,0.93115,0.91944,0.95992,0.94719,0.93115,0.91944,0.95992,0.93143,0.21327,0.24051,0.25353,0.00165,0,0.000136276,0.000136276,0.000136276
70,9564.3,0.30474,0.24597,0.2642,0.00169,0.0361,0.94085,0.9079,0.96017,0.94736,0.94085,0.9079,0.96017,0.93048,0.20939,0.24651,0.25298,0.00159,0,0.000132147,0.000132147,0.000132147
71,9704.17,0.30257,0.25982,0.24419,0.00163,0.0305,0.94654,0.89881,0.95624,0.94362,0.94654,0.89881,0.95624,0.92835,0.20885,0.25013,0.26359,0.00157,0,0.000128019,0.000128019,0.000128019
72,9841.82,0.3054,0.25043,0.25805,0.00163,0.03638,0.92586,0.92592,0.96261,0.9501,0.92586,0.92592,0.96261,0.93238,0.21663,0.2467,0.24814,0.00162,0,0.000123891,0.000123891,0.000123891
73,9975.91,0.30137,0.24966,0.24562,0.00164,0.03243,0.94688,0.90938,0.96079,0.94886,0.94688,0.90938,0.96079,0.93029,0.21782,0.2477,0.24606,0.00164,0,0.000119762,0.000119762,0.000119762
74,10116.8,0.30827,0.25668,0.25923,0.00165,0.03478,0.94155,0.90373,0.95592,0.94259,0.94155,0.90373,0.95592,0.92872,0.21889,0.24647,0.2593,0.00165,0,0.000115634,0.000115634,0.000115634
75,10253.9,0.30248,0.26329,0.24583,0.00165,0.03171,0.93625,0.91822,0.9588,0.94587,0.93625,0.91822,0.9588,0.92888,0.21153,0.24523,0.24789,0.00157,0,0.000111506,0.000111506,0.000111506
76,10389.5,0.30509,0.25138,0.24976,0.00158,0.03305,0.93111,0.91165,0.95568,0.94252,0.93111,0.91165,0.95568,0.92575,0.21369,0.24781,0.26093,0.00164,0,0.000107378,0.000107378,0.000107378
77,10527.4,0.29968,0.24928,0.24585,0.00159,0.0331,0.93019,0.90472,0.95308,0.94101,0.93019,0.90472,0.95308,0.92712,0.20924,0.24598,0.26713,0.00158,0,0.000103249,0.000103249,0.000103249
78,10661,0.2922,0.24378,0.24226,0.00158,0.03172,0.94353,0.9003,0.9527,0.93986,0.94353,0.9003,0.9527,0.92064,0.21592,0.24934,0.26395,0.00158,0,9.91209e-05,9.91209e-05,9.91209e-05
79,10796.9,0.30487,0.25881,0.24424,0.00164,0.03183,0.93673,0.905,0.95167,0.93982,0.93673,0.905,0.95167,0.92348,0.20569,0.24581,0.26628,0.00155,0,9.49926e-05,9.49926e-05,9.49926e-05
80,10935.5,0.28785,0.25005,0.23536,0.00155,0.03058,0.93271,0.9169,0.95753,0.94366,0.93271,0.9169,0.95753,0.92911,0.20894,0.24627,0.24424,0.00157,0,9.08643e-05,9.08643e-05,9.08643e-05
81,11071.6,0.29793,0.23892,0.22909,0.00154,0.03265,0.93816,0.91438,0.95892,0.94528,0.93816,0.91438,0.95892,0.9302,0.20747,0.24896,0.24191,0.00156,0,8.6736e-05,8.6736e-05,8.6736e-05
82,11208.3,0.28889,0.26007,0.23348,0.00158,0.02711,0.92569,0.93007,0.96267,0.95019,0.92569,0.93007,0.96267,0.9315,0.20863,0.24527,0.23772,0.00155,0,8.26077e-05,8.26077e-05,8.26077e-05
83,11341.9,0.28709,0.2514,0.23276,0.00151,0.03139,0.9369,0.92061,0.9643,0.95026,0.9369,0.92061,0.9643,0.93452,0.20967,0.24568,0.23389,0.00159,0,7.84794e-05,7.84794e-05,7.84794e-05
84,11480.6,0.28519,0.24188,0.23532,0.0015,0.02978,0.9242,0.92709,0.96427,0.95082,0.9242,0.92709,0.96427,0.93495,0.20933,0.24448,0.23163,0.00161,0,7.43511e-05,7.43511e-05,7.43511e-05
85,11623.3,0.28727,0.23726,0.23647,0.00157,0.02868,0.93794,0.92137,0.96757,0.95398,0.93794,0.92137,0.96757,0.93952,0.20799,0.2473,0.22678,0.00155,0,7.02228e-05,7.02228e-05,7.02228e-05
86,11761.4,0.27732,0.24617,0.22747,0.00152,0.0298,0.94801,0.91359,0.96704,0.95253,0.94801,0.91359,0.96704,0.93686,0.2117,0.24554,0.23157,0.00159,0,6.60945e-05,6.60945e-05,6.60945e-05
87,11897.5,0.27656,0.24497,0.2163,0.00146,0.0266,0.93531,0.93455,0.96739,0.95378,0.93531,0.93455,0.96739,0.93916,0.20565,0.24544,0.22743,0.00155,0,6.19662e-05,6.19662e-05,6.19662e-05
88,12034.8,0.28485,0.24845,0.22753,0.00152,0.03052,0.93388,0.91454,0.96279,0.94893,0.93388,0.91454,0.96279,0.93418,0.20494,0.24939,0.23472,0.00154,0,5.78379e-05,5.78379e-05,5.78379e-05
89,12174,0.28488,0.25683,0.23143,0.00152,0.03082,0.93813,0.91997,0.96355,0.95072,0.93813,0.91997,0.96355,0.93461,0.20399,0.24495,0.23353,0.00153,0,5.37096e-05,5.37096e-05,5.37096e-05
90,12311.4,0.27987,0.24645,0.22722,0.00149,0.02948,0.95566,0.91884,0.96814,0.95506,0.95566,0.91884,0.96814,0.93879,0.20296,0.24503,0.22374,0.00151,0,4.95813e-05,4.95813e-05,4.95813e-05
91,12444.7,0.23212,0.2417,0.17748,0.00154,0.01264,0.93428,0.90759,0.95323,0.9381,0.93428,0.90759,0.95323,0.92594,0.2147,0.25362,0.26384,0.00159,0,4.5453e-05,4.5453e-05,4.5453e-05
92,12578,0.22317,0.23279,0.16275,0.00149,0.01262,0.94418,0.90863,0.95278,0.93931,0.94418,0.90863,0.95278,0.92406,0.20727,0.25083,0.2606,0.00155,0,4.13247e-05,4.13247e-05,4.13247e-05
93,12711.7,0.21857,0.22886,0.17024,0.00145,0.01115,0.94049,0.90792,0.95259,0.93927,0.94049,0.90792,0.95259,0.92143,0.20821,0.24901,0.26122,0.00154,0,3.71964e-05,3.71964e-05,3.71964e-05
94,12844.1,0.22222,0.23036,0.16893,0.00151,0.01191,0.93002,0.91897,0.95326,0.93896,0.93137,0.92009,0.95494,0.92432,0.21109,0.25121,0.25902,0.00158,0,3.30681e-05,3.30681e-05,3.30681e-05
95,12974.1,0.21448,0.23165,0.15955,0.00143,0.01091,0.94415,0.90188,0.9541,0.93973,0.94415,0.90188,0.9541,0.92539,0.21156,0.25081,0.26171,0.0016,0,2.89398e-05,2.89398e-05,2.89398e-05
96,13107.5,0.21929,0.23821,0.17202,0.00146,0.01147,0.93576,0.92106,0.95493,0.94128,0.93576,0.92106,0.95493,0.92521,0.20884,0.25058,0.25332,0.00157,0,2.48115e-05,2.48115e-05,2.48115e-05
97,13242.8,0.21407,0.22508,0.16094,0.00145,0.01134,0.9292,0.92345,0.95582,0.94237,0.9292,0.92345,0.95582,0.92584,0.2058,0.25088,0.24972,0.00152,0,2.06832e-05,2.06832e-05,2.06832e-05
98,13374.8,0.21549,0.2216,0.1666,0.00143,0.0113,0.94482,0.90656,0.95682,0.94212,0.94482,0.90656,0.95682,0.92634,0.20582,0.25021,0.25004,0.00153,0,1.65549e-05,1.65549e-05,1.65549e-05
99,13505.6,0.21205,0.23532,0.16203,0.00143,0.01096,0.93373,0.91662,0.95619,0.9428,0.93509,0.91801,0.95792,0.92695,0.20651,0.24904,0.24689,0.00154,0,1.24266e-05,1.24266e-05,1.24266e-05
100,13636.9,0.21514,0.23364,0.15175,0.00141,0.0125,0.93364,0.91922,0.95635,0.94314,0.93498,0.92061,0.95814,0.92658,0.2041,0.24891,0.24777,0.00152,0,8.2983e-06,8.2983e-06,8.2983e-06
