stem,class,gt_area,04,07,06a,06b
apple017S(1),apple,37455,0.9518|0.9753|39201,0.9489|0.9738|39403,0.9744|0.9870|36906,0.9895|0.9947|37061
apple017S(10),apple,41228,0.9704|0.9850|42074,0.9705|0.9850|42115,0.9671|0.9833|42099,0.9952|0.9976|41038
apple017S(11),apple,40853,0.9728|0.9862|41799,0.9640|0.9817|42183,0.9699|0.9847|41127,0.9953|0.9977|40663
apple017S(12),apple,39270,0.9687|0.9841|40208,0.9556|0.9773|40813,0.9576|0.9783|39557,0.9890|0.9945|38840
apple017S(13),apple,40368,0.9705|0.9851|41319,0.9644|0.9819|41751,0.9886|0.9942|40636,0.9989|0.9994|40331
apple017S(14),apple,37363,0.9633|0.9813|38435,0.9647|0.9820|38443,0.9793|0.9895|37507,0.9948|0.9974|37169
apple017S(15),apple,42044,0.9594|0.9793|43678,0.9586|0.9788|43723,0.9796|0.9897|41971,0.9951|0.9975|41840
apple017S(16),apple,38191,0.9688|0.9842|38826,0.9684|0.9840|38770,0.9855|0.9927|38167,0.9965|0.9982|38059
apple017S(17),apple,39835,0.9618|0.9805|41187,0.9616|0.9804|41232,0.9768|0.9883|40607,0.9999|1.0000|39832
apple017S(18),apple,38892,0.9624|0.9809|39960,0.9603|0.9798|40347,0.9768|0.9883|38555,0.9929|0.9964|38616
apple017S(19),apple,37142,0.9567|0.9779|38666,0.9547|0.9768|38837,0.9740|0.9868|36663,0.9897|0.9948|36761
apple017S(2),apple,39631,0.9676|0.9835|40735,0.9686|0.9840|40645,0.9733|0.9865|40331,0.9961|0.9980|39484
apple017S(20),apple,38937,0.9666|0.9830|39896,0.9656|0.9825|40069,0.9677|0.9836|38179,0.9844|0.9921|38329
apple017S(21),apple,37752,0.9556|0.9773|39214,0.9574|0.9782|39265,0.9437|0.9710|39596,0.9985|0.9993|37704
apple017S(22),apple,40373,0.9635|0.9814|41637,0.9654|0.9824|41472,0.9667|0.9831|40899,0.9957|0.9979|40207
apple017S(23),apple,38825,0.9501|0.9744|40524,0.9493|0.9740|40738,0.9649|0.9821|37830,0.9777|0.9887|37962
apple017S(24),apple,37586,0.9535|0.9762|39297,0.9538|0.9764|39255,0.9577|0.9784|37598,0.9844|0.9921|37001
apple017S(25),apple,38223,0.9562|0.9776|39838,0.9518|0.9753|40079,0.9306|0.9641|39927,0.9922|0.9961|37926
apple017S(26),apple,39658,0.9593|0.9792|41084,0.9504|0.9746|41511,0.9769|0.9883|39590,0.9944|0.9972|39434
apple017S(27),apple,37329,0.9538|0.9764|38869,0.9523|0.9756|38964,0.9686|0.9841|36551,0.9840|0.9920|36735
apple017S(3),apple,39143,0.9583|0.9787|40599,0.9564|0.9777|40703,0.9844|0.9922|39240,0.9946|0.9973|38945
apple017S(4),apple,38640,0.9681|0.9838|39682,0.9691|0.9843|39683,0.9796|0.9897|38793,0.9922|0.9961|38339
apple017S(5),apple,38847,0.9624|0.9809|39943,0.9701|0.9848|39586,0.9824|0.9911|39290,0.9971|0.9985|38739
apple017S(6),apple,40058,0.9553|0.9771|41658,0.9600|0.9796|41413,0.9771|0.9884|39983,0.9890|0.9945|39617
apple017S(7),apple,40370,0.9618|0.9805|41746,0.9624|0.9808|41685,0.9781|0.9889|40311,0.9895|0.9947|39948
apple017S(8),apple,38040,0.9603|0.9797|39286,0.9610|0.9801|39328,0.9791|0.9894|38338,0.9935|0.9967|37801
apple017S(9),apple,38308,0.9570|0.9780|39706,0.9589|0.9790|39662,0.9718|0.9857|39291,0.9998|0.9999|38301
apple017T(1),apple,43587,0.9600|0.9796|44634,0.9659|0.9826|44056,0.9132|0.9546|46225,0.9881|0.9940|43080
apple017T(10),apple,36953,0.9637|0.9815|38065,0.9544|0.9766|38548,0.9301|0.9638|39732,0.9991|0.9995|36919
apple017T(11),apple,42511,0.9702|0.9849|43447,0.9706|0.9851|43487,0.9395|0.9688|45250,0.9997|0.9998|42500
apple017T(12),apple,47808,0.9675|0.9835|48436,0.9679|0.9837|48803,0.9398|0.9689|50871,0.9992|0.9996|47846
apple017T(13),apple,35993,0.9580|0.9785|36816,0.9537|0.9763|37429,0.8753|0.9335|41120,0.9995|0.9997|36010
apple017T(14),apple,33953,0.9592|0.9792|35086,0.9647|0.9820|34929,0.9523|0.9756|35600,0.9988|0.9994|33913
apple017T(15),apple,32922,0.9596|0.9794|33908,0.9619|0.9806|33940,0.9439|0.9711|34606,0.9964|0.9982|32808
apple017T(16),apple,45430,0.9686|0.9840|46428,0.9687|0.9841|46649,0.9809|0.9904|46106,0.9977|0.9988|45325
apple017T(17),apple,40085,0.9629|0.9811|41449,0.9599|0.9795|41622,0.9523|0.9756|42034,0.9989|0.9994|40040
apple017T(18),apple,33388,0.9607|0.9800|34370,0.9637|0.9815|34320,0.8678|0.9292|35690,0.9956|0.9978|33294
apple017T(19),apple,42804,0.9536|0.9763|44134,0.9607|0.9800|43911,0.9174|0.9569|39930,0.9906|0.9953|42475
apple017T(2),apple,45396,0.9696|0.9846|46716,0.9716|0.9856|46568,0.9731|0.9864|46063,0.9940|0.9970|45125
apple017T(20),apple,38183,0.9687|0.9841|38824,0.9719|0.9858|39020,0.9316|0.9646|38852,0.9787|0.9892|37562
apple017T(21),apple,35022,0.9529|0.9759|35869,0.9609|0.9800|35889,0.8966|0.9455|38405,0.9979|0.9990|35090
apple017T(22),apple,33211,0.9518|0.9753|33953,0.9546|0.9768|34243,0.8146|0.8979|40064,0.9900|0.9950|33543
apple017T(23),apple,37653,0.9410|0.9696|39573,0.9421|0.9702|39647,0.9075|0.9515|37173,0.9768|0.9883|36915
apple017T(24),apple,32793,0.9485|0.9736|33119,0.9473|0.9729|32823,0.3187|0.4834|102896,0.5721|0.7278|57027
apple017T(25),apple,36826,0.9347|0.9663|37606,0.9552|0.9771|37913,0.2696|0.4247|136597,0.3045|0.4669|120927
apple017T(26),apple,43608,0.9455|0.9720|45165,0.9587|0.9789|44706,0.9187|0.9576|46377,0.9909|0.9955|43729
apple017T(27),apple,41917,0.9652|0.9823|42231,0.9666|0.9830|42378,0.3276|0.4936|127939,0.5944|0.7456|70368
apple017T(3),apple,38082,0.9601|0.9797|39443,0.9645|0.9819|39279,0.9763|0.9880|38711,0.9957|0.9979|37920
apple017T(4),apple,35876,0.9569|0.9780|37266,0.9600|0.9796|37108,0.9726|0.9861|36733,0.9980|0.9990|35805
apple017T(5),apple,31969,0.9586|0.9789|33142,0.9630|0.9811|33007,0.9783|0.9890|32543,0.9989|0.9995|31942
apple017T(6),apple,35103,0.9591|0.9791|36301,0.9619|0.9806|36146,0.9817|0.9908|35408,0.9969|0.9985|34999
apple017T(7),apple,37690,0.9650|0.9822|38792,0.9676|0.9835|38626,0.9797|0.9898|38236,0.9972|0.9986|37584
apple017T(8),apple,38538,0.9617|0.9805|39923,0.9678|0.9837|39532,0.9810|0.9904|38811,0.9948|0.9974|38337
apple017T(9),apple,42205,0.9596|0.9794|43752,0.9630|0.9812|43496,0.9808|0.9903|42968,0.9998|0.9999|42214
apple018S(1),apple,29221,0.9358|0.9668|31129,0.9369|0.9674|31155,0.9768|0.9882|28894,0.9846|0.9922|28770
apple018S(10),apple,29900,0.9585|0.9788|31040,0.9541|0.9765|31088,0.9751|0.9874|30291,0.9987|0.9993|29862
apple018S(11),apple,31715,0.9440|0.9712|33432,0.9418|0.9700|33546,0.9842|0.9921|31592,0.9945|0.9972|31541
apple018S(2),apple,31817,0.9645|0.9819|32509,0.9604|0.9798|32814,0.9695|0.9845|31159,0.9838|0.9918|31301
apple018S(3),apple,28062,0.9472|0.9729|29344,0.9445|0.9715|29611,0.9597|0.9795|27195,0.9743|0.9870|27341
apple018S(4),apple,29870,0.9588|0.9790|30756,0.9519|0.9754|31156,0.9827|0.9913|29794,0.9937|0.9968|29681
apple018S(5),apple,27532,0.9529|0.9759|28431,0.9508|0.9748|28650,0.9753|0.9875|27420,0.9961|0.9980|27448
apple018S(6),apple,29465,0.9483|0.9734|31001,0.9395|0.9688|31309,0.9719|0.9857|30101,0.9984|0.9992|29426
apple018S(7),apple,30081,0.9577|0.9784|31235,0.9541|0.9765|31436,0.9759|0.9878|29817,0.9872|0.9936|29698
apple018S(8),apple,30084,0.9457|0.9721|31697,0.9418|0.9700|31891,0.9850|0.9925|30035,0.9947|0.9973|29926
apple018S(9),apple,28022,0.9587|0.9789|29032,0.9421|0.9702|29664,0.9711|0.9853|28058,0.9880|0.9940|27685
apple018T(1),apple,34481,0.9608|0.9800|35540,0.9613|0.9803|35417,0.9725|0.9861|35424,0.9997|0.9998|34492
apple018T(10),apple,42783,0.9676|0.9836|43862,0.9672|0.9833|43785,0.9897|0.9948|43189,0.9999|1.0000|42783
apple018T(11),apple,37540,0.9656|0.9825|38403,0.9565|0.9778|38841,0.9635|0.9814|38728,0.9973|0.9986|37517
apple018T(2),apple,43797,0.9671|0.9832|44736,0.9746|0.9871|44612,0.9770|0.9883|43980,0.9937|0.9969|43524
apple018T(3),apple,40192,0.9597|0.9794|41314,0.9615|0.9804|41607,0.9320|0.9648|41212,0.9858|0.9929|39622
apple018T(4),apple,34714,0.9596|0.9794|35665,0.9557|0.9773|36244,0.8667|0.9286|39469,0.9931|0.9965|34626
apple018T(5),apple,47725,0.9716|0.9856|48615,0.9725|0.9861|48844,0.9677|0.9836|47730,0.9996|0.9998|47713
apple018T(6),apple,42795,0.9670|0.9832|43903,0.9656|0.9825|43826,0.9840|0.9919|43269,0.9974|0.9987|42685
apple018T(7),apple,43902,0.9720|0.9858|44312,0.9685|0.9840|44679,0.9780|0.9889|44054,0.9964|0.9982|43789
apple018T(8),apple,40366,0.9625|0.9809|41650,0.9667|0.9830|41443,0.9399|0.9690|42878,0.9977|0.9988|40393
apple018T(9),apple,36877,0.9586|0.9789|38227,0.9618|0.9805|37935,0.9353|0.9665|39370,0.9989|0.9995|36862
apple019S(1),apple,32944,0.9744|0.9870|33705,0.9751|0.9874|33731,0.9696|0.9846|33604,0.9993|0.9996|32964
apple019S(2),apple,29512,0.9391|0.9686|31390,0.9330|0.9653|31476,0.9461|0.9723|31017,0.9982|0.9991|29484
apple019S(3),apple,40064,0.9696|0.9846|41282,0.9771|0.9884|40910,0.9877|0.9938|40452,0.9999|0.9999|40065
apple019S(4),apple,37354,0.9812|0.9905|37987,0.9826|0.9912|37923,0.9869|0.9934|37585,0.9993|0.9996|37335
apple019S(5),apple,30315,0.9796|0.9897|30866,0.9772|0.9885|30963,0.9850|0.9924|30718,0.9996|0.9998|30322
apple019S(6),apple,33851,0.9592|0.9792|35227,0.9526|0.9757|35417,0.9315|0.9645|36298,0.9806|0.9902|34499
apple019S(7),apple,32510,0.9795|0.9897|33125,0.9779|0.9888|33187,0.6118|0.7591|53055,0.7939|0.8851|40947
apple019T(1),apple,11850,0.9570|0.9780|12358,0.9633|0.9813|12281,0.8749|0.9333|10617,0.7009|0.8241|16216
apple019T(2),apple,13850,0.9558|0.9774|14483,0.9653|0.9823|14342,0.9790|0.9894|14042,0.9961|0.9980|13796
apple019T(3),apple,12577,0.9545|0.9767|13140,0.9545|0.9767|13138,0.9770|0.9884|12661,0.9917|0.9958|12473
apple019T(4),apple,11380,0.9664|0.9829|11719,0.9647|0.9820|11746,0.9805|0.9902|11424,0.9952|0.9976|11325
apple019T(5),apple,12917,0.9648|0.9821|13358,0.9676|0.9836|13223,0.9773|0.9885|12956,0.9938|0.9969|12837
apple019T(6),apple,13959,0.9679|0.9837|14336,0.9671|0.9833|14346,0.9698|0.9847|13762,0.9819|0.9909|13707
apple019T(7),apple,12975,0.9504|0.9746|13589,0.9534|0.9762|13502,0.6896|0.8163|18580,0.6867|0.8142|18586
banana013S(1),banana,28983,0.9196|0.9581|31034,0.9065|0.9510|30686,0.9290|0.9632|27461,0.9390|0.9686|27375
banana013S(10),banana,27825,0.9135|0.9548|30255,0.9111|0.9535|30395,0.9600|0.9796|27675,0.9813|0.9906|27342
banana013S(11),banana,28759,0.9409|0.9695|30164,0.9372|0.9676|30248,0.9485|0.9736|28028,0.9649|0.9821|27754
banana013S(12),banana,28755,0.9484|0.9735|29154,0.9427|0.9705|29447,0.9533|0.9761|28058,0.9684|0.9839|27858
banana013S(2),banana,29160,0.9137|0.9549|31778,0.9162|0.9563|31574,0.9644|0.9819|28615,0.9732|0.9864|28381
banana013S(3),banana,29516,0.9357|0.9668|31335,0.9342|0.9660|31381,0.9765|0.9881|29377,0.9861|0.9930|29119
banana013S(4),banana,29047,0.9195|0.9581|31481,0.9113|0.9536|31529,0.9686|0.9841|29159,0.9865|0.9932|28672
banana013S(5),banana,30089,0.9392|0.9687|31839,0.9345|0.9661|31955,0.9624|0.9808|29573,0.9766|0.9882|29389
banana013S(6),banana,29262,0.9384|0.9682|30775,0.9374|0.9677|30678,0.9759|0.9878|29861,0.9990|0.9995|29242
banana013S(7),banana,27991,0.9388|0.9685|29203,0.9295|0.9635|28990,0.9514|0.9751|26775,0.9643|0.9818|26992
banana013S(8),banana,27354,0.9108|0.9533|29884,0.9125|0.9543|29802,0.9482|0.9734|26659,0.9616|0.9804|26308
banana013S(9),banana,28038,0.9120|0.9540|30276,0.8990|0.9468|30184,0.9525|0.9757|27526,0.9687|0.9841|27259
banana013T(1),banana,28965,0.9483|0.9734|29066,0.9545|0.9767|29579,0.5630|0.7204|50204,0.9779|0.9888|28327
banana013T(10),banana,28981,0.9353|0.9666|30415,0.9306|0.9641|30969,0.5245|0.6881|53764,0.9827|0.9913|28759
banana013T(11),banana,26886,0.9104|0.9531|29147,0.9152|0.9557|29250,0.5729|0.7285|46769,0.9632|0.9812|27883
banana013T(12),banana,29813,0.9566|0.9778|30878,0.9489|0.9738|31059,0.6520|0.7893|45211,0.9914|0.9957|29709
banana013T(2),banana,46907,0.9555|0.9772|48915,0.9487|0.9737|49298,0.6161|0.7624|74591,0.9908|0.9954|46495
banana013T(3),banana,45662,0.9523|0.9755|47783,0.9583|0.9787|47434,0.6418|0.7818|71145,0.9774|0.9886|46718
banana013T(4),banana,36595,0.9577|0.9784|37997,0.9595|0.9793|38042,0.8948|0.9445|39144,0.9799|0.9898|35859
banana013T(5),banana,38690,0.9572|0.9781|39953,0.9456|0.9720|39562,0.5774|0.7321|66134,0.9945|0.9972|38493
banana013T(6),banana,33164,0.9486|0.9736|34602,0.9560|0.9775|34211,0.8416|0.9140|38382,0.9712|0.9854|33168
banana013T(7),banana,31763,0.9444|0.9714|33565,0.9403|0.9692|33514,0.5082|0.6739|61317,0.9742|0.9869|31748
banana013T(8),banana,31227,0.9553|0.9771|31906,0.9374|0.9677|32921,0.5143|0.6793|59073,0.9825|0.9912|30696
banana013T(9),banana,35659,0.9591|0.9791|36820,0.9596|0.9794|36341,0.5849|0.7381|59204,0.9851|0.9925|35240
banana014S(1),banana,38686,0.9331|0.9654|41345,0.9191|0.9579|41656,0.9638|0.9816|38579,0.9812|0.9905|38024
banana014S(10),banana,49513,0.9443|0.9713|52142,0.9410|0.9696|52484,0.9352|0.9665|46579,0.9544|0.9766|47253
banana014S(2),banana,40734,0.9408|0.9695|42955,0.9593|0.9792|41306,0.9596|0.9794|39232,0.9652|0.9823|39372
banana014S(3),banana,35181,0.9084|0.9520|38606,0.8964|0.9454|39191,0.9504|0.9746|35783,0.9857|0.9928|34973
banana014S(4),banana,37224,0.9309|0.9642|39616,0.9427|0.9705|39104,0.9452|0.9718|35305,0.9572|0.9781|35642
banana014S(5),banana,44426,0.9511|0.9749|46135,0.9446|0.9715|46705,0.9155|0.9559|41316,0.9308|0.9642|41372
banana014S(6),banana,39990,0.9246|0.9608|42945,0.9340|0.9659|42252,0.8994|0.9470|36502,0.9383|0.9682|37522
banana014S(7),banana,44647,0.9547|0.9768|46495,0.9500|0.9744|46740,0.9219|0.9593|42261,0.9353|0.9666|41758
banana014S(8),banana,37243,0.9271|0.9622|38955,0.9064|0.9509|40984,0.9367|0.9673|35266,0.9473|0.9729|35317
banana014S(9),banana,44000,0.9208|0.9588|47709,0.9088|0.9522|47304,0.9418|0.9700|42027,0.9604|0.9798|42316
banana014T(1),banana,49043,0.9707|0.9851|49647,0.9679|0.9837|49945,0.6203|0.7657|78003,0.9915|0.9958|48696
banana014T(10),banana,29299,0.9480|0.9733|30647,0.9542|0.9766|30003,0.5550|0.7138|50731,0.9748|0.9872|28612
banana014T(2),banana,53058,0.9628|0.9810|54649,0.9636|0.9815|54428,0.5731|0.7286|91583,0.9853|0.9926|53317
banana014T(3),banana,30104,0.9470|0.9728|31228,0.9408|0.9695|31923,0.6123|0.7595|47766,0.9844|0.9921|29633
banana014T(4),banana,41809,0.9637|0.9815|42626,0.9656|0.9825|42678,0.5248|0.6883|78860,0.9899|0.9949|41830
banana014T(5),banana,46954,0.9623|0.9808|48383,0.9625|0.9809|48022,0.6813|0.8104|61995,0.9378|0.9679|44032
banana014T(6),banana,49026,0.9607|0.9800|50291,0.9527|0.9758|50937,0.6590|0.7944|73122,0.9902|0.9951|48558
banana014T(7),banana,47888,0.9670|0.9832|48208,0.9715|0.9855|48232,0.5970|0.7476|77677,0.9859|0.9929|47630
banana014T(8),banana,37497,0.9598|0.9795|37886,0.9508|0.9748|38351,0.5877|0.7403|60994,0.9827|0.9913|36853
banana014T(9),banana,35337,0.9529|0.9759|36165,0.9456|0.9720|36325,0.5449|0.7055|60451,0.9609|0.9800|33972
banana015S(1),banana,13761,0.9252|0.9611|14483,0.8179|0.8998|12673,0.8183|0.9000|11540,0.8590|0.9242|11836
banana015S(2),banana,17888,0.9625|0.9809|18375,0.9237|0.9603|19333,0.9454|0.9719|17524,0.9696|0.9846|17345
banana015S(3),banana,11980,0.9376|0.9678|12666,0.9410|0.9696|12679,0.6845|0.8127|16637,0.7522|0.8586|15129
banana015S(4),banana,11485,0.9183|0.9574|12457,0.8980|0.9462|12325,0.9438|0.9711|11734,0.9770|0.9884|11223
banana015S(5),banana,19012,0.9672|0.9833|19586,0.9600|0.9796|19717,0.8813|0.9369|20488,0.7636|0.8660|24165
banana015S(6),banana,22334,0.9383|0.9682|23351,0.9464|0.9724|23269,0.8375|0.9115|18937,0.5228|0.6866|33670
banana015S(7),banana,11947,0.7743|0.8728|14909,0.5969|0.7475|19476,0.6082|0.7563|13941,0.7466|0.8549|13814
banana015S(8),banana,13717,0.9418|0.9700|14439,0.9374|0.9677|14575,0.7402|0.8507|15252,0.6837|0.8121|17994
banana015T(1),banana,13059,0.9257|0.9614|14097,0.9190|0.9578|14210,0.8581|0.9236|15047,0.9878|0.9939|13138
banana015T(2),banana,14641,0.9562|0.9776|15176,0.9526|0.9757|15245,0.8888|0.9411|15011,0.9533|0.9761|13961
banana015T(3),banana,18092,0.9542|0.9766|18853,0.9508|0.9748|18947,0.8175|0.8996|21205,0.9509|0.9748|17205
banana015T(4),banana,13571,0.9199|0.9583|14671,0.9308|0.9641|14506,0.5624|0.7199|22821,0.9772|0.9885|13378
banana015T(5),banana,14246,0.9426|0.9704|15021,0.9112|0.9535|15614,0.9241|0.9605|14523,0.9741|0.9869|13885
banana015T(6),banana,14482,0.9368|0.9674|15417,0.9444|0.9714|15238,0.6549|0.7915|21880,0.9928|0.9964|14413
banana015T(7),banana,13243,0.9103|0.9531|14522,0.9013|0.9481|14660,0.7160|0.8345|18126,0.9934|0.9967|13259
banana015T(8),banana,12503,0.8996|0.9471|13759,0.9188|0.9577|13578,0.5411|0.7022|22627,0.9840|0.9919|12469
bread006S(1),bread,20132,0.9168|0.9566|21598,0.9112|0.9536|21575,0.8808|0.9366|20819,0.9941|0.9971|20014
bread006S(2),bread,12674,0.8434|0.9151|14931,0.9252|0.9611|13004,0.8901|0.9419|13561,0.9988|0.9994|12689
bread006S(3),bread,16168,0.8904|0.9420|17247,0.8802|0.9363|17489,0.9025|0.9487|17378,0.9921|0.9960|16233
bread006S(4),bread,19255,0.8773|0.9347|21598,0.8778|0.9349|21296,0.8059|0.8925|20445,0.9827|0.9913|18954
bread006T(1),bread,73627,0.9799|0.9898|74626,0.9779|0.9888|74995,0.9706|0.9851|74786,0.9966|0.9983|73400
bread006T(2),bread,82121,0.9777|0.9887|83393,0.9771|0.9884|83806,0.9632|0.9812|84262,0.9992|0.9996|82101
bread006T(3),bread,99837,0.9674|0.9834|102027,0.9684|0.9839|102731,0.9850|0.9925|100938,0.9991|0.9995|99927
bread006T(4),bread,73526,0.9770|0.9884|74942,0.9769|0.9883|74864,0.7961|0.8865|92200,0.9995|0.9998|73515
bread007S(1),bread,37911,0.9159|0.9561|40977,0.9009|0.9479|38212,0.8456|0.9163|37248,0.9496|0.9742|36016
bread007S(2),bread,10993,0.7411|0.8513|14585,0.7395|0.8502|14508,0.6796|0.8093|15310,0.9873|0.9936|10977
bread007S(3),bread,20245,0.9413|0.9697|21141,0.9349|0.9664|20683,0.9039|0.9495|19730,0.9708|0.9852|19658
bread007S(4),bread,13380,0.9107|0.9533|14469,0.8324|0.9085|15979,0.8840|0.9384|12721,0.9901|0.9950|13249
bread007S(5),bread,17053,0.8952|0.9447|18733,NO_PRED,0.7834|0.8785|14723,0.9306|0.9641|15878
bread007S(6),bread,46079,0.9194|0.9580|50041,0.9318|0.9647|49191,0.9406|0.9694|44880,0.9744|0.9871|45484
bread007S(7),bread,26727,0.9430|0.9707|27233,0.9168|0.9566|28905,0.9668|0.9831|27145,0.9996|0.9998|26716
bread007S(8),bread,31381,0.9170|0.9567|33382,0.9128|0.9544|33990,0.9098|0.9528|30843,0.9609|0.9801|30154
bread007T(1),bread,126919,0.9824|0.9911|128448,0.9828|0.9913|128555,0.9785|0.9892|129062,0.9979|0.9989|126650
bread007T(2),bread,128112,0.9824|0.9911|129929,0.9771|0.9884|129211,0.9878|0.9939|128286,0.9986|0.9993|128293
bread007T(3),bread,124807,0.9719|0.9858|127894,0.9580|0.9786|130029,0.9606|0.9799|129865,0.9982|0.9991|125026
bread007T(4),bread,127422,0.9772|0.9884|130308,0.9699|0.9847|131312,0.9551|0.9770|126332,0.9984|0.9992|127620
bread007T(5),bread,106989,0.9724|0.9860|109547,0.9674|0.9834|110393,0.9415|0.9699|113495,0.9995|0.9997|107037
bread007T(6),bread,124792,0.9788|0.9893|127369,0.9762|0.9879|127423,0.9827|0.9913|126856,0.9986|0.9993|124969
bread007T(7),bread,112747,0.9804|0.9901|114768,0.9813|0.9906|114705,0.9744|0.9870|115707,0.9997|0.9999|112778
bread007T(8),bread,115410,0.9839|0.9919|116802,0.9820|0.9909|117267,0.9744|0.9870|118396,0.9988|0.9994|115552
bun006S(1),bun,33484,0.9498|0.9743|35044,0.9537|0.9763|34809,0.9412|0.9697|31891,0.9677|0.9836|32403
bun006S(2),bun,40791,0.9601|0.9797|42277,0.9662|0.9828|41807,0.9764|0.9881|40804,0.9922|0.9961|40485
bun006S(3),bun,37995,0.9580|0.9785|38774,0.9586|0.9789|38572,0.9403|0.9692|36428,0.9537|0.9763|36246
bun006S(4),bun,42145,0.9702|0.9849|43133,0.9724|0.9860|43055,0.9850|0.9924|42043,0.9968|0.9984|42087
bun006S(5),bun,42559,0.9636|0.9815|43884,0.9655|0.9825|43693,0.9656|0.9825|41712,0.9770|0.9884|41587
bun006S(6),bun,46055,0.9673|0.9834|47313,0.9703|0.9849|47105,0.9747|0.9872|45419,0.9891|0.9945|45559
bun006S(7),bun,43354,0.9482|0.9734|45494,0.9531|0.9760|45079,0.9695|0.9845|42701,0.9873|0.9936|42830
bun006S(8),bun,48753,0.9537|0.9763|50786,0.9594|0.9793|50498,0.9553|0.9771|47536,0.9734|0.9865|47493
bun006T(1),bun,43707,0.9626|0.9809|44956,0.9591|0.9791|45024,0.9930|0.9965|43780,0.9989|0.9995|43679
bun006T(2),bun,52910,0.9637|0.9815|54707,0.9648|0.9821|54602,0.8813|0.9369|46769,0.9652|0.9823|51067
bun006T(3),bun,52128,0.9698|0.9846|53382,0.9708|0.9852|53293,0.9807|0.9903|51643,0.9922|0.9961|51791
bun006T(4),bun,42371,0.9434|0.9709|44753,0.9551|0.9770|44191,0.8807|0.9366|47268,0.6868|0.8143|61572
bun006T(5),bun,42759,0.9508|0.9748|44886,0.9661|0.9827|43504,0.3179|0.4824|134504,0.3532|0.5220|119126
bun006T(6),bun,40037,0.9642|0.9818|41188,0.9630|0.9812|41419,0.9761|0.9879|39513,0.9881|0.9940|39563
bun006T(7),bun,40408,0.9495|0.9741|42436,0.9630|0.9812|41743,0.7674|0.8684|51504,0.9904|0.9952|40798
bun006T(8),bun,51175,0.9728|0.9862|52091,0.9727|0.9862|52165,0.9487|0.9737|48785,0.9954|0.9977|50959
bun007S(1),bun,26407,0.9471|0.9728|27583,0.9456|0.9720|27824,0.9468|0.9727|26605,0.9876|0.9938|26110
bun007S(2),bun,32677,0.9496|0.9742|34104,0.9505|0.9746|34139,0.9708|0.9852|32528,0.9905|0.9952|32379
bun007S(3),bun,26874,0.9397|0.9689|28449,0.9420|0.9701|28331,0.9636|0.9815|26292,0.9789|0.9893|26311
bun007S(4),bun,37306,0.9658|0.9826|38429,0.9647|0.9820|38285,0.9829|0.9914|37819,0.9980|0.9990|37298
bun007T(1),bun,47076,0.9652|0.9823|48613,0.9659|0.9827|48638,0.9805|0.9901|46834,0.9910|0.9955|46853
bun007T(2),bun,47520,0.9693|0.9844|48777,0.9689|0.9842|48915,0.9868|0.9934|47866,0.9951|0.9976|47580
bun007T(3),bun,49715,0.9743|0.9870|50619,0.9745|0.9871|50667,0.9739|0.9868|48570,0.9860|0.9930|49026
bun007T(4),bun,48420,0.9702|0.9849|49690,0.9684|0.9839|49689,0.9704|0.9850|47262,0.9815|0.9907|47525
bun008S(1),bun,19258,0.9347|0.9662|20383,0.9480|0.9733|19965,0.9467|0.9726|18706,0.9692|0.9844|18665
bun008S(2),bun,27794,0.9598|0.9795|28633,0.9616|0.9804|28561,0.9626|0.9809|28282,0.9951|0.9975|27663
bun008S(3),bun,19928,0.9171|0.9568|21380,0.9214|0.9591|21309,0.9394|0.9688|20542,0.9843|0.9921|19621
bun008S(4),bun,26623,0.9407|0.9694|28039,0.9330|0.9653|28340,0.9415|0.9698|28103,0.9973|0.9987|26568
bun008T(1),bun,30509,0.8467|0.9170|35834,0.8532|0.9208|35571,0.9859|0.9929|30719,0.8521|0.9201|35805
bun008T(2),bun,39895,0.9685|0.9840|40421,0.9696|0.9846|40393,0.8746|0.9331|35022,0.9878|0.9939|39412
bun008T(3),bun,39814,0.8771|0.9345|36932,0.9502|0.9745|40522,0.8702|0.9306|34801,0.9834|0.9917|40345
bun008T(4),bun,22540,0.9409|0.9695|23738,0.9405|0.9693|23899,0.8270|0.9053|18662,0.9614|0.9803|21669
doughnut008S(1),doughnut,24256,0.9464|0.9725|25314,0.9428|0.9706|25512,0.9743|0.9870|23947,0.9860|0.9929|23926
doughnut008S(10),doughnut,19531,0.9354|0.9666|20734,0.9359|0.9669|20756,0.9756|0.9876|19510,0.9927|0.9964|19397
doughnut008S(11),doughnut,23470,0.9345|0.9662|24731,0.9374|0.9677|24841,0.9523|0.9756|22623,0.9700|0.9848|22767
doughnut008S(12),doughnut,21781,0.9653|0.9824|21818,0.9599|0.9796|21996,0.9727|0.9862|21872,0.9914|0.9957|21594
doughnut008S(13),doughnut,24317,0.9332|0.9655|25792,0.9198|0.9582|26283,0.9800|0.9899|24518,0.9963|0.9981|24233
doughnut008S(14),doughnut,20099,0.9303|0.9639|21278,0.9334|0.9656|21209,0.9768|0.9883|19854,0.9847|0.9923|19792
doughnut008S(2),doughnut,20635,0.9496|0.9741|21714,0.9501|0.9744|21685,0.9835|0.9917|20551,0.9958|0.9979|20553
doughnut008S(3),doughnut,19700,0.9482|0.9734|20666,0.9482|0.9734|20665,0.9664|0.9829|19327,0.9797|0.9897|19306
doughnut008S(4),doughnut,25939,0.9077|0.9516|28527,0.9100|0.9529|28422,0.9697|0.9846|25459,0.9836|0.9917|25514
doughnut008S(5),doughnut,19801,0.9539|0.9764|20302,0.9530|0.9759|20311,0.9774|0.9886|19860,0.9990|0.9995|19819
doughnut008S(6),doughnut,24143,0.9423|0.9703|25464,0.9376|0.9678|25637,0.9660|0.9827|23520,0.9767|0.9882|23582
doughnut008S(7),doughnut,21594,0.9181|0.9573|23336,0.9271|0.9622|23132,0.9848|0.9923|21706,0.9994|0.9997|21584
doughnut008S(8),doughnut,27200,0.9235|0.9602|29352,0.9281|0.9627|29163,0.9858|0.9929|27170,0.9951|0.9975|27090
doughnut008S(9),doughnut,21897,0.9606|0.9799|22449,0.9283|0.9628|23255,0.9723|0.9860|22427,0.9963|0.9981|21979
doughnut008T(1),doughnut,48658,0.9288|0.9631|51539,0.9309|0.9642|51657,0.8917|0.9427|54367,0.9981|0.9990|48606
doughnut008T(10),doughnut,38460,0.9646|0.9820|39519,0.9658|0.9826|39580,0.9695|0.9845|38476,0.9857|0.9928|37912
doughnut008T(11),doughnut,32011,0.9597|0.9794|33220,0.9626|0.9809|33124,0.9728|0.9862|32465,0.9936|0.9968|31807
doughnut008T(12),doughnut,46892,0.9624|0.9808|47636,0.9665|0.9830|47613,0.9149|0.9555|50779,0.9957|0.9979|46709
doughnut008T(13),doughnut,54908,0.9645|0.9819|55977,0.9638|0.9816|56490,0.9245|0.9608|58241,0.9973|0.9987|54762
doughnut008T(14),doughnut,51603,0.9271|0.9622|54598,0.9327|0.9652|54851,0.9084|0.9520|56089,0.9932|0.9966|51256
doughnut008T(2),doughnut,58737,0.9293|0.9634|62783,0.9305|0.9640|62271,0.9391|0.9686|61825,0.9925|0.9963|58321
doughnut008T(3),doughnut,46579,0.9713|0.9854|47469,0.9738|0.9867|47356,0.9681|0.9838|47616,0.9975|0.9988|46477
doughnut008T(4),doughnut,65662,0.9588|0.9790|67817,0.9612|0.9802|67349,0.9664|0.9829|66561,0.9854|0.9926|64727
doughnut008T(5),doughnut,56588,0.9586|0.9789|58556,0.9646|0.9820|58084,0.9414|0.9698|59987,0.9945|0.9972|56371
doughnut008T(6),doughnut,47615,0.9389|0.9685|50325,0.9389|0.9685|50340,0.9271|0.9622|50247,0.9863|0.9931|47169
doughnut008T(7),doughnut,45070,0.9339|0.9658|47865,0.9342|0.9660|47499,0.9407|0.9695|46448,0.9849|0.9924|44491
doughnut008T(8),doughnut,48555,0.9282|0.9627|51889,0.9302|0.9639|51825,0.9261|0.9616|51637,0.9945|0.9972|48298
doughnut008T(9),doughnut,44119,0.9303|0.9639|47082,0.9326|0.9651|47100,0.9273|0.9623|45778,0.9872|0.9936|43568
doughnut009S(1),doughnut,21705,0.9186|0.9576|23561,0.9433|0.9708|22951,0.9670|0.9832|21415,0.9926|0.9963|21570
doughnut009S(10),doughnut,24075,0.9513|0.9750|24836,0.9506|0.9747|24844,0.9628|0.9810|24054,0.9842|0.9920|23757
doughnut009S(11),doughnut,21129,0.9595|0.9793|21204,0.9547|0.9768|21482,0.9869|0.9934|21180,0.9996|0.9998|21134
doughnut009S(12),doughnut,23382,0.9286|0.9630|25105,0.9280|0.9626|25141,0.9784|0.9891|23283,0.9924|0.9962|23210
doughnut009S(13),doughnut,21214,0.9262|0.9617|22749,0.9261|0.9616|22726,0.9767|0.9882|21636,0.9980|0.9990|21250
doughnut009S(14),doughnut,26061,0.9359|0.9669|27513,0.9206|0.9586|28172,0.9558|0.9774|25943,0.9869|0.9934|25747
doughnut009S(2),doughnut,19455,0.9657|0.9826|19743,0.9654|0.9824|19891,0.9837|0.9918|19366,0.9987|0.9993|19459
doughnut009S(3),doughnut,23026,0.9246|0.9608|24715,0.9387|0.9684|24235,0.9683|0.9839|23203,0.9911|0.9955|22825
doughnut009S(4),doughnut,25673,0.9505|0.9746|26544,0.9494|0.9741|26585,0.9818|0.9908|25401,0.9956|0.9978|25565
doughnut009S(5),doughnut,24358,0.9545|0.9767|24423,0.9573|0.9782|24488,0.9606|0.9799|24319,0.9792|0.9895|23878
doughnut009S(6),doughnut,20907,0.9304|0.9639|22336,0.9490|0.9738|21720,0.9779|0.9888|20622,0.9854|0.9926|20601
doughnut009S(7),doughnut,21833,0.9159|0.9561|23552,0.9166|0.9565|23536,0.9767|0.9882|21946,0.9943|0.9972|21709
doughnut009S(8),doughnut,25353,0.9520|0.9754|26364,0.9517|0.9752|26446,0.9711|0.9853|25309,0.9914|0.9957|25152
doughnut009S(9),doughnut,23990,0.9589|0.9790|24149,0.9101|0.9529|26239,0.9777|0.9887|23762,0.9878|0.9939|23700
doughnut009T(1),doughnut,45712,0.9457|0.9721|47895,0.9498|0.9742|47576,0.9287|0.9630|49163,0.9913|0.9957|46111
doughnut009T(10),doughnut,52217,0.9202|0.9585|56238,0.9185|0.9575|56228,0.9171|0.9568|56202,0.9926|0.9963|51890
doughnut009T(11),doughnut,50101,0.9697|0.9846|51343,0.9713|0.9854|51358,0.9606|0.9799|49521,0.9808|0.9903|49145
doughnut009T(12),doughnut,44176,0.9313|0.9644|46871,0.9409|0.9695|46528,0.9271|0.9622|45847,0.9946|0.9973|44140
doughnut009T(13),doughnut,48565,0.9117|0.9538|52663,0.9107|0.9533|52547,0.9021|0.9485|53522,0.9975|0.9988|48467
doughnut009T(14),doughnut,35866,0.9468|0.9727|37562,0.9542|0.9766|37436,0.8585|0.9239|41650,0.9969|0.9984|35925
doughnut009T(2),doughnut,33081,0.9217|0.9592|35453,0.9211|0.9589|35520,0.9315|0.9645|35445,0.9993|0.9996|33103
doughnut009T(3),doughnut,37406,0.9182|0.9574|40496,0.9200|0.9583|40532,0.9298|0.9636|39915,0.9955|0.9978|37298
doughnut009T(4),doughnut,41404,0.9009|0.9478|45659,0.9064|0.9509|45563,0.8964|0.9454|45821,0.9959|0.9980|41245
doughnut009T(5),doughnut,34188,0.9115|0.9537|37100,0.9143|0.9552|37103,0.9229|0.9599|36590,0.9937|0.9968|33979
doughnut009T(6),doughnut,55421,0.9286|0.9630|58899,0.9324|0.9650|58566,0.9219|0.9594|59666,0.9976|0.9988|55511
doughnut009T(7),doughnut,42545,0.9284|0.9629|45056,0.9326|0.9651|45250,0.8816|0.9371|47474,0.9906|0.9953|42150
doughnut009T(8),doughnut,44827,0.9137|0.9549|48518,0.9154|0.9558|48176,0.9032|0.9491|48434,0.9875|0.9937|44267
doughnut009T(9),doughnut,53785,0.9125|0.9542|58493,0.9212|0.9590|57940,0.9329|0.9653|57642,0.9998|0.9999|53778
egg006S(1),egg,10978,0.9354|0.9666|11550,0.9349|0.9663|11540,0.9569|0.9780|10573,0.9846|0.9922|10811
egg006S(2),egg,15038,0.9448|0.9716|15785,0.9441|0.9713|15868,0.9666|0.9830|14760,0.9757|0.9877|14674
egg006S(3),egg,10381,0.9318|0.9647|11000,0.9276|0.9625|11058,0.9697|0.9846|10411,0.9931|0.9965|10309
egg006S(4),egg,14056,0.9548|0.9769|14413,0.9545|0.9767|14496,0.9655|0.9825|13949,0.9842|0.9920|13836
egg006S(5),egg,10509,0.9314|0.9645|11113,0.9332|0.9654|11162,0.9702|0.9849|10434,0.9855|0.9927|10359
egg006S(6),egg,16115,0.9214|0.9591|17239,0.9519|0.9754|16736,0.9696|0.9846|15731,0.9825|0.9912|15837
egg006S(7),egg,11270,0.9280|0.9626|11939,0.9171|0.9568|12159,0.9627|0.9810|10950,0.9808|0.9903|11062
egg006S(8),egg,13533,0.9336|0.9657|14284,0.9324|0.9650|14302,0.9665|0.9830|13841,0.9982|0.9991|13516
egg006T(1),egg,14681,0.9405|0.9693|15313,0.9368|0.9674|15396,0.9448|0.9716|14290,0.9770|0.9884|14343
egg006T(2),egg,16256,0.9561|0.9775|16786,0.9576|0.9784|16793,0.9727|0.9862|16590,0.9968|0.9984|16206
egg006T(3),egg,13369,0.9433|0.9708|14024,0.9457|0.9721|13785,0.9771|0.9884|13620,0.9978|0.9989|13339
egg006T(4),egg,13077,0.9437|0.9710|13742,0.9472|0.9729|13594,0.9716|0.9856|13328,0.9952|0.9976|13018
egg006T(5),egg,13157,0.9331|0.9654|13955,0.9353|0.9666|13868,0.9430|0.9707|13148,0.9699|0.9847|12761
egg006T(6),egg,15782,0.9405|0.9693|16316,0.9495|0.9741|16291,0.9399|0.9690|15450,0.9684|0.9840|15284
egg006T(7),egg,15029,0.9421|0.9702|15707,0.9403|0.9692|15771,0.9575|0.9783|15451,0.9983|0.9991|15031
egg006T(8),egg,13303,0.9408|0.9695|13596,0.9385|0.9683|13669,0.9286|0.9630|12810,0.9624|0.9808|12803
egg007S(1),egg,12137,0.9348|0.9663|12860,0.9372|0.9676|12894,0.9767|0.9882|11977,0.9937|0.9969|12063
egg007S(2),egg,15805,0.9452|0.9718|16510,0.9453|0.9719|16515,0.9674|0.9834|15941,0.9916|0.9958|15672
egg007S(3),egg,12377,0.9346|0.9662|13090,0.9347|0.9662|13128,0.9724|0.9860|12313,0.9873|0.9936|12226
egg007S(4),egg,15576,0.9451|0.9718|16322,0.9466|0.9726|16282,0.9581|0.9786|15211,0.9734|0.9865|15166
egg007S(5),egg,11789,0.9448|0.9716|12152,0.9583|0.9787|11952,0.9778|0.9888|11713,0.9947|0.9973|11730
egg007S(6),egg,15719,0.9318|0.9647|16779,0.9320|0.9648|16773,0.9785|0.9891|15741,0.9994|0.9997|15711
egg007S(7),egg,15316,0.9461|0.9723|15825,0.9447|0.9716|15850,0.9799|0.9899|15141,0.9910|0.9955|15182
egg007S(8),egg,12076,0.9385|0.9683|12706,0.9491|0.9739|12553,0.9844|0.9921|12048,0.9953|0.9976|12023
egg007S(9),egg,14949,0.9377|0.9678|15812,0.9329|0.9653|15927,0.9862|0.9931|15021,0.9982|0.9991|14924
egg007T(1),egg,14394,0.9439|0.9711|15025,0.9389|0.9685|15163,0.9407|0.9694|14679,0.9834|0.9916|14155
egg007T(2),egg,18863,0.9446|0.9715|19882,0.9458|0.9721|19858,0.9284|0.9629|19972,0.9978|0.9989|18828
egg007T(3),egg,16171,0.9402|0.9692|17013,0.9524|0.9756|16795,0.8740|0.9328|18080,0.9872|0.9936|15990
egg007T(4),egg,17212,0.9264|0.9618|18477,0.9450|0.9717|17771,0.9488|0.9737|17313,0.9786|0.9892|16846
egg007T(5),egg,14029,0.9283|0.9628|14976,0.9304|0.9640|14891,0.9552|0.9771|14669,0.9984|0.9992|14052
egg007T(6),egg,12709,0.9203|0.9585|13714,0.9369|0.9674|13095,0.8616|0.9257|14340,0.9858|0.9929|12539
egg007T(7),egg,18047,0.9514|0.9751|18554,0.9585|0.9788|18531,0.9503|0.9745|18115,0.9825|0.9912|17731
egg007T(8),egg,16242,0.9368|0.9674|17031,0.9269|0.9621|17097,0.9273|0.9623|15661,0.9575|0.9783|15551
egg007T(9),egg,17420,0.9642|0.9818|17544,0.9591|0.9791|17781,0.9591|0.9791|17057,0.9820|0.9909|17107
fired_dough_twist006S(1),fried_dough_twist,5236,0.9227|0.9598|5341,0.9355|0.9667|5394,0.7476|0.8555|4947,0.9952|0.9976|5261
fired_dough_twist006S(2),fried_dough_twist,5614,0.9136|0.9549|6107,0.9061|0.9507|6175,0.9008|0.9478|6072,0.7833|0.8785|7115
fired_dough_twist006S(3),fried_dough_twist,2588,0.8629|0.9264|2982,0.8560|0.9224|3019,0.8286|0.9063|2298,0.9656|0.9825|2499
fired_dough_twist006S(4),fried_dough_twist,5683,0.9212|0.9590|5927,0.9284|0.9629|6009,0.8995|0.9471|5961,0.9879|0.9939|5634
fired_dough_twist006S(5),fried_dough_twist,2386,0.8527|0.9205|2670,0.9000|0.9474|2556,0.9555|0.9773|2319,0.5249|0.6884|4505
fired_dough_twist006S(6),fried_dough_twist,4677,0.8552|0.9220|5445,0.9145|0.9553|5085,0.6341|0.7761|4260,0.9970|0.9985|4691
fired_dough_twist006S(7),fried_dough_twist,2551,0.8488|0.9182|2940,0.8437|0.9152|2993,0.3400|0.5074|6956,0.6077|0.7560|4113
fired_dough_twist006T(1),fried_dough_twist,6082,0.9370|0.9675|6462,0.8917|0.9428|6795,0.9115|0.9537|6396,0.9790|0.9894|5988
fired_dough_twist006T(2),fried_dough_twist,6089,0.4260|0.5975|14170,0.9301|0.9638|6538,0.9541|0.9765|5874,0.9709|0.9853|5912
fired_dough_twist006T(3),fried_dough_twist,6604,0.9398|0.9689|6854,0.9376|0.9678|6957,0.9649|0.9821|6702,0.9974|0.9987|6595
fired_dough_twist006T(4),fried_dough_twist,5263,0.9094|0.9525|5758,0.8974|0.9459|5854,0.9630|0.9812|5147,0.9721|0.9858|5406
fired_dough_twist006T(5),fried_dough_twist,5088,0.8955|0.9449|5629,0.8236|0.9033|6142,0.9549|0.9769|5060,0.9786|0.9892|5001
fired_dough_twist006T(6),fried_dough_twist,6476,0.9325|0.9651|6920,0.9190|0.9578|7034,0.9747|0.9872|6397,0.9929|0.9964|6432
fired_dough_twist006T(7),fried_dough_twist,5189,0.5216|0.6856|9873,0.8508|0.9194|6053,0.8824|0.9375|5665,0.9818|0.9908|5237
fired_dough_twist007S(1),fried_dough_twist,19077,0.9491|0.9739|20017,0.9527|0.9758|19997,0.9224|0.9596|19046,0.9828|0.9913|18750
fired_dough_twist007S(2),fried_dough_twist,9305,0.9341|0.9659|9817,0.9342|0.9660|9876,0.8784|0.9352|10585,0.9983|0.9991|9321
fired_dough_twist007S(3),fried_dough_twist,8383,0.9614|0.9803|8642,0.9635|0.9814|8554,0.8838|0.9383|8211,0.9689|0.9842|8122
fired_dough_twist007S(4),fried_dough_twist,16750,0.9501|0.9744|17362,0.9465|0.9725|17473,0.9229|0.9599|17887,0.9927|0.9963|16873
fired_dough_twist007S(5),fried_dough_twist,7031,0.9276|0.9625|7569,0.9191|0.9579|7633,0.8890|0.9413|6827,0.9823|0.9911|6992
fired_dough_twist007S(6),fried_dough_twist,11572,0.9313|0.9644|12254,0.9469|0.9727|12092,0.9243|0.9607|12330,0.9941|0.9971|11592
fired_dough_twist007S(7),fried_dough_twist,9204,0.9014|0.9482|10126,0.9367|0.9673|9741,0.8917|0.9427|8402,0.9313|0.9644|8572
fired_dough_twist007T(1),fried_dough_twist,4804,0.9160|0.9562|5121,0.8633|0.9266|5457,0.6665|0.7999|3227,0.9923|0.9962|4829
fired_dough_twist007T(2),fried_dough_twist,6435,0.9417|0.9700|6817,0.9207|0.9587|6977,0.9547|0.9768|6347,0.9787|0.9892|6300
fired_dough_twist007T(3),fried_dough_twist,7391,0.8992|0.9469|8154,0.8492|0.9185|8651,0.8920|0.9429|7887,0.9943|0.9972|7353
fired_dough_twist007T(4),fried_dough_twist,5550,0.8922|0.9430|6174,0.8801|0.9362|6293,0.9065|0.9510|5851,0.9805|0.9902|5444
fired_dough_twist007T(5),fried_dough_twist,6725,0.8494|0.9186|7826,NO_PRED,0.7767|0.8743|8276,0.9540|0.9765|6994
fired_dough_twist007T(6),fried_dough_twist,6002,0.9297|0.9636|6433,0.7703|0.8703|7757,0.7072|0.8285|8193,0.9871|0.9935|5984
fired_dough_twist007T(7),fried_dough_twist,8896,0.9364|0.9671|9453,0.9384|0.9682|9432,0.8127|0.8967|10748,0.9938|0.9969|8877
grape002S(1),grape,39003,0.9337|0.9657|40590,0.9485|0.9736|40403,0.8542|0.9213|42982,0.9913|0.9956|39313
grape002S(10),grape,37688,0.9530|0.9759|38374,0.9597|0.9794|38077,0.9083|0.9519|39835,0.9962|0.9981|37570
grape002S(11),grape,36784,0.9521|0.9755|37900,0.9483|0.9735|36574,0.8870|0.9401|41072,0.9897|0.9948|37092
grape002S(12),grape,41479,0.9303|0.9639|44317,0.9363|0.9671|43435,0.9219|0.9593|44392,0.9950|0.9975|41536
grape002S(13),grape,43741,0.9343|0.9661|46183,0.9436|0.9710|45806,0.9478|0.9732|45427,0.9953|0.9977|43890
grape002S(14),grape,36487,0.9501|0.9744|38022,0.9407|0.9695|38549,0.8588|0.9240|40634,0.9675|0.9835|37705
grape002S(15),grape,36077,0.9480|0.9733|37105,0.9472|0.9729|36926,0.9491|0.9739|36083,0.9940|0.9970|36023
grape002S(16),grape,35409,0.9419|0.9701|36303,0.9488|0.9737|36520,0.9316|0.9646|35547,0.9866|0.9932|35720
grape002S(17),grape,39501,0.9184|0.9574|41843,0.9485|0.9735|40949,0.9434|0.9709|40392,0.9895|0.9947|39244
grape002S(2),grape,40284,0.9481|0.9734|41650,0.9494|0.9740|41525,0.9629|0.9811|41733,0.9941|0.9970|40523
grape002S(3),grape,40265,0.9402|0.9692|42628,0.9483|0.9735|42071,0.9095|0.9526|42674,0.9850|0.9924|39725
grape002S(4),grape,35689,0.9446|0.9715|37532,0.9533|0.9761|37054,0.9237|0.9603|37634,0.9961|0.9980|35756
grape002S(5),grape,43882,0.9428|0.9706|45685,0.9477|0.9731|45660,0.9418|0.9700|45765,0.9932|0.9966|43623
grape002S(6),grape,38562,0.9266|0.9619|40695,0.9603|0.9798|39562,0.9483|0.9735|40352,0.9954|0.9977|38739
grape002S(7),grape,34161,0.9382|0.9681|36204,0.9482|0.9734|35741,0.8859|0.9395|38387,0.9971|0.9986|34237
grape002S(8),grape,35412,0.8907|0.9422|39592,0.9016|0.9482|39191,0.8556|0.9222|41222,0.9594|0.9793|36905
grape002S(9),grape,43349,0.9360|0.9670|45251,0.9571|0.9781|44691,0.9531|0.9760|45145,0.9980|0.9990|43389
grape002T(1),grape,45679,0.9483|0.9735|47521,0.9333|0.9655|48322,0.4169|0.5885|109043,0.9748|0.9872|46513
grape002T(10),grape,41101,0.9605|0.9798|42416,0.9608|0.9800|42504,0.9477|0.9731|42548,0.9891|0.9945|41045
grape002T(11),grape,48247,0.9499|0.9743|50347,0.9385|0.9683|49997,0.8114|0.8959|59138,0.9957|0.9978|48439
grape002T(12),grape,50040,0.9497|0.9742|52130,0.9490|0.9738|52032,0.6870|0.8145|72594,0.9952|0.9976|50148
grape002T(13),grape,45432,0.9428|0.9705|47124,0.9423|0.9703|47765,0.8842|0.9386|50985,0.9991|0.9996|45394
grape002T(14),grape,67041,0.9531|0.9760|69148,0.9485|0.9736|69794,0.8573|0.9232|75033,0.9817|0.9908|65862
grape002T(15),grape,58111,0.9522|0.9755|59976,0.9505|0.9746|59713,0.9190|0.9578|61677,0.9903|0.9951|57875
grape002T(16),grape,61037,0.9670|0.9832|62231,0.9657|0.9826|62059,0.8747|0.9332|69165,0.9975|0.9987|61186
grape002T(17),grape,54744,0.9594|0.9793|56283,0.9490|0.9739|57160,0.7647|0.8667|70807,0.9687|0.9841|56502
grape002T(2),grape,58781,0.9654|0.9824|60346,0.9566|0.9778|61020,0.8764|0.9341|66828,0.9887|0.9943|59370
grape002T(3),grape,58593,0.9539|0.9764|61116,0.9539|0.9764|61144,0.9368|0.9674|61952,0.9954|0.9977|58772
grape002T(4),grape,53756,0.9617|0.9805|55177,0.9599|0.9795|55025,0.9051|0.9502|58740,0.9973|0.9987|53899
grape002T(5),grape,51580,0.9397|0.9689|54561,0.9459|0.9722|53893,0.9099|0.9528|56309,0.9988|0.9994|51618
grape002T(6),grape,54852,0.9457|0.9721|57563,0.9468|0.9727|57612,0.8891|0.9413|60606,0.9986|0.9993|54921
grape002T(7),grape,50935,0.9632|0.9813|52539,0.9577|0.9784|52995,0.9332|0.9654|53923,0.9916|0.9958|50968
grape002T(8),grape,51428,0.9552|0.9771|53091,0.9509|0.9748|53116,0.8848|0.9389|57541,0.9976|0.9988|51328
grape002T(9),grape,49862,0.9547|0.9768|51916,0.9559|0.9774|51798,0.8683|0.9295|57063,0.9986|0.9993|49790
lemon003S(1),lemon,14865,0.9433|0.9708|15583,0.9400|0.9691|15628,0.9804|0.9901|15097,0.9981|0.9991|14843
lemon003S(10),lemon,17179,0.9443|0.9714|18044,0.9460|0.9723|17980,0.9725|0.9861|16934,0.9800|0.9899|16838
lemon003S(11),lemon,15566,0.9551|0.9771|16082,0.9544|0.9767|16010,0.9747|0.9872|15966,0.9998|0.9999|15567
lemon003S(12),lemon,17612,0.9478|0.9732|18239,0.9474|0.9730|18388,0.9713|0.9854|17430,0.9817|0.9907|17291
lemon003S(13),lemon,15292,0.9409|0.9696|16091,0.9413|0.9698|16012,0.9822|0.9910|15390,0.9967|0.9984|15244
lemon003S(14),lemon,15865,0.9499|0.9743|16589,0.9520|0.9754|16451,0.9758|0.9878|16106,0.9969|0.9985|15822
lemon003S(15),lemon,14902,0.9401|0.9691|15716,0.9389|0.9685|15736,0.9707|0.9851|14731,0.9841|0.9920|14671
lemon003S(16),lemon,16679,0.9447|0.9716|17513,0.9479|0.9732|17389,0.9583|0.9787|16146,0.9637|0.9815|16074
lemon003S(17),lemon,15692,0.9378|0.9679|16450,0.9354|0.9666|16613,0.9616|0.9804|15304,0.9690|0.9842|15211
lemon003S(18),lemon,16287,0.9411|0.9696|17150,0.9400|0.9691|17149,0.9554|0.9772|15957,0.9674|0.9834|15762
lemon003S(2),lemon,16351,0.9401|0.9691|17302,0.9355|0.9667|17368,0.9573|0.9782|15932,0.9663|0.9828|15809
lemon003S(3),lemon,14963,0.9396|0.9689|15665,0.9402|0.9692|15651,0.9770|0.9884|15253,0.9985|0.9993|14943
lemon003S(4),lemon,17169,0.9449|0.9717|17960,0.9457|0.9721|17937,0.9670|0.9832|16951,0.9825|0.9912|16870
lemon003S(5),lemon,16041,0.9504|0.9746|16533,0.9495|0.9741|16527,0.9685|0.9840|15803,0.9773|0.9885|15679
lemon003S(6),lemon,16384,0.9447|0.9716|17019,0.9413|0.9697|17262,0.9738|0.9867|16255,0.9841|0.9920|16124
lemon003S(7),lemon,14635,0.9469|0.9727|15328,0.9465|0.9725|15302,0.9771|0.9884|14917,0.9980|0.9990|14608
lemon003S(8),lemon,16347,0.9504|0.9745|17045,0.9502|0.9745|16964,0.9791|0.9894|16437,0.9940|0.9970|16251
lemon003S(9),lemon,14945,0.9372|0.9676|15705,0.9361|0.9670|15706,0.9738|0.9867|15057,0.9936|0.9968|14853
lemon003T(1),lemon,23489,0.9520|0.9754|24375,0.9521|0.9755|24456,0.9600|0.9796|24063,0.9934|0.9967|23338
lemon003T(10),lemon,21630,0.9450|0.9717|22345,0.9499|0.9743|22384,0.9164|0.9564|21342,0.9602|0.9797|20769
lemon003T(11),lemon,19672,0.9449|0.9717|20546,0.9503|0.9745|20446,0.9538|0.9763|20484,0.9969|0.9984|19619
lemon003T(12),lemon,21071,0.9502|0.9745|21989,0.9573|0.9782|21734,0.9323|0.9650|21448,0.9875|0.9937|20808
lemon003T(13),lemon,21759,0.9546|0.9768|22361,0.9550|0.9770|22341,0.9423|0.9703|22625,0.9932|0.9966|21610
lemon003T(14),lemon,21147,0.9472|0.9729|21962,0.9470|0.9728|21834,0.9206|0.9587|20559,0.9552|0.9771|20200
lemon003T(15),lemon,22042,0.9606|0.9799|22578,0.9554|0.9772|22785,0.9683|0.9839|22462,0.9957|0.9978|21947
lemon003T(16),lemon,24198,0.9492|0.9739|25205,0.9515|0.9752|25143,0.9426|0.9705|23968,0.9708|0.9852|23491
lemon003T(17),lemon,24234,0.9651|0.9823|24847,0.9643|0.9818|24920,0.9554|0.9772|23741,0.9875|0.9937|23953
lemon003T(18),lemon,20714,0.9503|0.9745|21487,0.9518|0.9753|21555,0.9332|0.9655|20792,0.9720|0.9858|20135
lemon003T(2),lemon,20037,0.9649|0.9821|20371,0.9626|0.9809|20426,0.9624|0.9809|20360,0.9899|0.9949|19842
lemon003T(3),lemon,21826,0.9414|0.9698|22505,0.9416|0.9699|22546,0.9001|0.9474|22845,0.9932|0.9966|21677
lemon003T(4),lemon,23831,0.9550|0.9770|24263,0.9561|0.9775|24230,0.9309|0.9642|25378,0.9993|0.9997|23819
lemon003T(5),lemon,20865,0.9529|0.9759|21533,0.9536|0.9763|21447,0.9258|0.9615|20145,0.9614|0.9803|20060
lemon003T(6),lemon,22533,0.9533|0.9761|23112,0.9586|0.9789|23004,0.9279|0.9626|22000,0.9725|0.9861|21914
lemon003T(7),lemon,23189,0.9582|0.9787|23886,0.9603|0.9798|23786,0.9306|0.9641|23598,0.9778|0.9888|22674
lemon003T(8),lemon,22644,0.9570|0.9780|23214,0.9576|0.9784|23206,0.9351|0.9665|21612,0.9534|0.9761|21588
lemon003T(9),lemon,21242,0.9600|0.9796|21627,0.9582|0.9786|21401,0.9535|0.9762|22033,0.9928|0.9964|21172
lemon004S(1),lemon,15004,0.9344|0.9661|15755,0.9328|0.9652|15780,0.9634|0.9814|14797,0.9769|0.9883|14658
lemon004S(10),lemon,12919,0.9538|0.9763|13027,0.9506|0.9747|13436,0.9714|0.9855|12763,0.9830|0.9915|12700
lemon004S(11),lemon,14038,0.9418|0.9700|14664,0.9412|0.9697|14670,0.9705|0.9850|13811,0.9778|0.9888|13728
lemon004S(12),lemon,12049,0.9395|0.9688|12598,0.9404|0.9693|12585,0.9753|0.9875|12075,0.9896|0.9948|11926
lemon004S(2),lemon,12819,0.9396|0.9689|13517,0.9344|0.9661|13646,0.9656|0.9825|13262,0.9995|0.9998|12825
lemon004S(3),lemon,14682,0.9499|0.9743|15334,0.9505|0.9746|15278,0.9798|0.9898|14837,0.9952|0.9976|14615
lemon004S(4),lemon,13172,0.9388|0.9685|13834,0.9414|0.9698|13817,0.9722|0.9859|13121,0.9856|0.9927|12986
lemon004S(5),lemon,14944,0.9264|0.9618|15886,0.9321|0.9649|15692,0.9636|0.9815|14606,0.9708|0.9852|14511
lemon004S(6),lemon,12346,0.9339|0.9658|12975,0.9340|0.9659|12997,0.9673|0.9834|12241,0.9824|0.9911|12135
lemon004S(7),lemon,13903,0.9375|0.9677|14654,0.9351|0.9664|14709,0.9661|0.9828|13695,0.9762|0.9880|13576
lemon004S(8),lemon,12514,0.9255|0.9613|13270,0.9232|0.9601|13309,0.9772|0.9885|12794,0.9996|0.9998|12513
lemon004S(9),lemon,14266,0.9236|0.9603|15329,0.9330|0.9653|15214,0.9632|0.9812|14190,0.9826|0.9912|14041
lemon004T(1),lemon,18297,0.9466|0.9726|18950,0.9496|0.9741|18915,0.9584|0.9787|18638,0.9925|0.9962|18161
lemon004T(10),lemon,25223,0.9556|0.9773|25812,0.9553|0.9772|25862,0.9850|0.9924|25491,0.9988|0.9994|25209
lemon004T(11),lemon,22839,0.9533|0.9761|23361,0.9473|0.9730|23798,0.9671|0.9833|23065,0.9907|0.9953|22647
lemon004T(12),lemon,22223,0.9611|0.9802|22723,0.9601|0.9797|22807,0.9372|0.9676|22223,0.9775|0.9886|21726
lemon004T(2),lemon,21085,0.9556|0.9773|21711,0.9571|0.9781|21665,0.9776|0.9887|21506,0.9990|0.9995|21063
lemon004T(3),lemon,27107,0.9567|0.9779|28001,0.9578|0.9784|27967,0.9423|0.9703|28090,0.9900|0.9950|26887
lemon004T(4),lemon,23471,0.9623|0.9808|23883,0.9616|0.9804|23821,0.9004|0.9476|25412,0.9864|0.9931|23171
lemon004T(5),lemon,21159,0.9491|0.9739|21959,0.9528|0.9758|21819,0.9534|0.9762|21861,0.9920|0.9960|20991
lemon004T(6),lemon,19410,0.9448|0.9716|20017,0.9512|0.9750|19991,0.9555|0.9773|19667,0.9931|0.9966|19277
lemon004T(7),lemon,17997,0.9355|0.9667|18477,0.9369|0.9674|18637,0.9444|0.9714|18280,0.9797|0.9897|17631
lemon004T(8),lemon,21676,0.9483|0.9735|22261,0.9539|0.9764|22420,0.9419|0.9701|21734,0.9864|0.9932|21511
lemon004T(9),lemon,20479,0.9460|0.9723|21250,0.9460|0.9723|21327,0.9721|0.9859|20427,0.9916|0.9958|20308
litchi004S(1),litchi,9554,0.9323|0.9649|9927,0.9180|0.9573|10288,0.9776|0.9887|9546,0.9979|0.9990|9542
litchi004S(2),litchi,10934,0.8897|0.9417|12068,0.9255|0.9613|11668,0.9760|0.9879|10889,0.9994|0.9997|10927
litchi004S(3),litchi,10708,0.9312|0.9644|11375,0.9109|0.9534|11695,0.9754|0.9875|10561,0.9965|0.9982|10676
litchi004S(4),litchi,10681,0.9124|0.9542|11646,0.9153|0.9558|11569,0.9747|0.9872|10561,0.9990|0.9995|10682
litchi004S(5),litchi,10137,0.9252|0.9612|10852,0.9160|0.9562|11029,0.9752|0.9875|9963,0.9944|0.9972|10082
litchi004S(6),litchi,10395,0.9237|0.9604|11097,0.9299|0.9637|10977,0.9770|0.9884|10441,0.9949|0.9974|10346
litchi004S(7),litchi,10297,0.9048|0.9500|11267,0.9140|0.9551|11128,0.9716|0.9856|10365,0.9994|0.9997|10301
litchi004S(8),litchi,10181,0.9456|0.9720|10528,0.9352|0.9665|10810,0.9511|0.9750|9820,0.9817|0.9908|9997
litchi004T(1),litchi,18737,0.9526|0.9757|19502,0.9394|0.9688|19846,0.9608|0.9800|19089,0.9902|0.9951|18564
litchi004T(2),litchi,17235,0.9414|0.9698|18012,0.9555|0.9772|17582,0.9758|0.9878|17656,1.0000|1.0000|17235
litchi004T(3),litchi,18182,0.9409|0.9695|18900,0.9345|0.9661|19206,0.9708|0.9852|18256,0.9916|0.9958|18033
litchi004T(4),litchi,17905,0.9368|0.9674|18948,0.9434|0.9709|18844,0.9461|0.9723|18506,0.9930|0.9965|17780
litchi004T(5),litchi,14259,0.9445|0.9714|14986,0.9261|0.9616|15336,0.9113|0.9536|15645,0.9998|0.9999|14262
litchi004T(6),litchi,13541,0.9452|0.9718|14017,0.9321|0.9648|14271,0.9518|0.9753|14081,0.9945|0.9972|13472
litchi004T(7),litchi,13193,0.9410|0.9696|13862,0.9368|0.9674|14015,0.9395|0.9688|14015,0.9986|0.9993|13176
litchi004T(8),litchi,17092,0.9519|0.9754|17701,0.9425|0.9704|17968,0.9606|0.9799|17630,0.9978|0.9989|17057
litchi005S(1),litchi,10040,0.9133|0.9547|10754,0.9114|0.9536|10945,0.8807|0.9366|8906,0.9761|0.9879|9800
litchi005S(2),litchi,10509,0.9359|0.9669|10978,0.9332|0.9655|11143,0.8637|0.9269|9159,0.9908|0.9954|10414
litchi005S(3),litchi,10696,0.9312|0.9643|11323,0.9191|0.9579|11541,0.9488|0.9737|10271,0.9959|0.9979|10656
litchi005S(4),litchi,9420,0.9366|0.9673|9838,0.9201|0.9584|10175,0.9409|0.9696|8984,0.9966|0.9983|9390
litchi005S(5),litchi,10243,0.9350|0.9664|10537,0.9364|0.9672|10686,0.8981|0.9463|9279,0.9773|0.9885|10010
litchi005S(6),litchi,9985,0.9305|0.9640|10592,0.9257|0.9614|10705,0.9754|0.9876|9880,0.9967|0.9983|9954
litchi005S(7),litchi,9905,0.9151|0.9557|10736,0.9150|0.9556|10769,0.9482|0.9734|9495,0.9957|0.9978|9878
litchi005S(8),litchi,9446,0.8756|0.9337|10614,0.9282|0.9628|10089,0.8695|0.9302|8253,0.9915|0.9957|9366
litchi005T(1),litchi,15580,0.9399|0.9690|16451,0.9422|0.9703|16434,0.9014|0.9481|17038,0.9994|0.9997|15572
litchi005T(2),litchi,12620,0.9434|0.9709|12918,0.9350|0.9664|13218,0.9593|0.9793|12538,0.9880|0.9940|12471
litchi005T(3),litchi,15797,0.9394|0.9687|16474,0.9483|0.9735|16302,0.9413|0.9697|16655,0.9959|0.9980|15737
litchi005T(4),litchi,13943,0.9366|0.9672|14687,0.9383|0.9681|14623,0.9451|0.9718|14516,0.9961|0.9980|13888
litchi005T(5),litchi,15882,0.9346|0.9662|16803,0.9348|0.9663|16866,0.9319|0.9647|15870,0.9882|0.9941|15695
litchi005T(6),litchi,16830,0.9359|0.9669|17819,0.9352|0.9665|17843,0.9263|0.9618|18029,0.9990|0.9995|16816
litchi005T(7),litchi,14420,0.9512|0.9750|14995,0.9529|0.9759|15009,0.8696|0.9303|16320,0.9924|0.9962|14316
litchi005T(8),litchi,15157,0.9406|0.9694|15893,0.9387|0.9684|15959,0.9144|0.9553|16369,0.9951|0.9976|15083
mango008S(1),mango,15757,0.8773|0.9347|17710,0.9205|0.9586|16855,0.9531|0.9760|15246,0.9768|0.9883|15399
mango008S(2),mango,15250,0.9403|0.9692|16130,0.9432|0.9707|15792,0.9738|0.9867|15054,0.9841|0.9920|15009
mango008S(3),mango,15002,0.9222|0.9595|16143,0.9230|0.9600|16122,0.9637|0.9815|14684,0.9835|0.9917|14769
mango008S(4),mango,14781,0.9252|0.9611|15858,0.9260|0.9616|15829,0.9771|0.9884|14718,0.9934|0.9967|14696
mango008S(5),mango,14513,0.9487|0.9737|15121,0.9308|0.9641|15464,0.9774|0.9886|14474,0.9897|0.9948|14363
mango008S(6),mango,14789,0.9394|0.9687|15605,0.9172|0.9568|16030,0.9520|0.9754|14354,0.9901|0.9950|14644
mango008S(7),mango,15177,0.9227|0.9598|16370,0.9263|0.9618|16226,0.9829|0.9914|15115,0.9943|0.9972|15095
mango008S(8),mango,16150,0.9316|0.9646|17163,0.9318|0.9647|17121,0.9564|0.9777|16250,0.9817|0.9908|15859
mango008T(1),mango,21108,0.9395|0.9688|21904,0.9329|0.9653|22462,0.9603|0.9798|21294,0.9995|0.9998|21118
mango008T(2),mango,33220,0.9582|0.9786|34354,0.9560|0.9775|34332,0.9548|0.9769|34133,0.9985|0.9992|33206
mango008T(3),mango,25811,0.9598|0.9795|26654,0.9583|0.9787|26633,0.9462|0.9723|26720,0.9957|0.9978|25699
mango008T(4),mango,26979,0.9596|0.9794|27700,0.9592|0.9792|27674,0.9594|0.9793|26763,0.9932|0.9966|26827
mango008T(5),mango,28635,0.9569|0.9780|29762,0.9566|0.9778|29764,0.9752|0.9874|28567,0.9915|0.9958|28393
mango008T(6),mango,23073,0.9518|0.9753|23830,0.9497|0.9742|23798,0.9556|0.9773|23086,0.9960|0.9980|23004
mango008T(7),mango,22086,0.9535|0.9762|22947,0.9436|0.9710|23236,0.9459|0.9722|21859,0.9834|0.9916|21719
mango008T(8),mango,18152,0.9502|0.9745|18915,0.9568|0.9779|18754,0.9722|0.9859|18155,0.9982|0.9991|18121
mango009S(1),mango,19772,0.9638|0.9816|20229,0.9554|0.9772|20481,0.9236|0.9603|20947,0.9902|0.9951|19580
mango009S(10),mango,19159,0.9510|0.9749|19931,0.9656|0.9825|19474,0.9634|0.9814|18664,0.9711|0.9854|18608
mango009S(11),mango,24971,0.9560|0.9775|25631,0.9565|0.9778|25625,0.9730|0.9863|25037,0.9889|0.9944|24697
mango009S(12),mango,17168,0.9450|0.9717|17853,0.9429|0.9706|17801,0.9462|0.9724|17872,0.9998|0.9999|17172
mango009S(13),mango,22970,0.9433|0.9708|24215,0.9472|0.9729|24104,0.9440|0.9712|21976,0.9531|0.9760|21899
mango009S(2),mango,24340,0.9529|0.9759|25101,0.9512|0.9750|25199,0.9704|0.9850|23941,0.9778|0.9888|23800
mango009S(3),mango,18964,0.9515|0.9751|19636,0.9410|0.9696|19877,0.9490|0.9738|19313,0.9830|0.9914|18650
mango009S(4),mango,22396,0.9571|0.9781|23151,0.9585|0.9788|23181,0.9761|0.9879|22181,0.9854|0.9927|22074
mango009S(5),mango,20151,0.9488|0.9737|20816,0.9501|0.9744|20878,0.9789|0.9893|20000,0.9884|0.9942|19920
mango009S(6),mango,26699,0.9537|0.9763|27419,0.9534|0.9761|27623,0.9515|0.9751|25604,0.9572|0.9782|25571
mango009S(7),mango,24428,0.9394|0.9687|25553,0.9402|0.9692|25460,0.9714|0.9855|24022,0.9786|0.9892|23909
mango009S(8),mango,18971,0.9514|0.9751|19742,0.9543|0.9766|19647,0.9752|0.9875|18975,0.9963|0.9982|18905
mango009S(9),mango,24544,0.9441|0.9713|25756,0.9455|0.9720|25779,0.9636|0.9814|23785,0.9717|0.9857|23852
mango009T(1),mango,25230,0.9608|0.9800|25746,0.9566|0.9778|25988,0.9335|0.9656|26022,0.9908|0.9954|24999
mango009T(10),mango,22654,0.9584|0.9788|23236,0.9598|0.9795|23174,0.8976|0.9460|24580,0.9878|0.9938|22377
mango009T(11),mango,20510,0.9558|0.9774|21087,0.9543|0.9766|21227,0.9299|0.9637|22055,0.9994|0.9997|20517
mango009T(12),mango,24263,0.9507|0.9747|24704,0.9549|0.9769|24767,0.9178|0.9571|25234,0.9834|0.9916|23913
mango009T(13),mango,26917,0.9504|0.9746|27670,0.9519|0.9754|27866,0.9007|0.9477|29706,0.9968|0.9984|26834
mango009T(2),mango,22789,0.9331|0.9654|23640,0.9397|0.9689|23708,0.9667|0.9831|22979,0.9868|0.9934|22502
mango009T(3),mango,21025,0.9377|0.9678|22145,0.9391|0.9686|22151,0.9222|0.9595|22622,0.9960|0.9980|20969
mango009T(4),mango,19953,0.9464|0.9724|20827,0.9515|0.9752|20807,0.9339|0.9658|20453,0.9775|0.9886|19505
mango009T(5),mango,23748,0.9539|0.9764|24452,0.9515|0.9752|24585,0.8658|0.9281|26848,0.9882|0.9941|23468
mango009T(6),mango,30114,0.9534|0.9761|30837,0.9527|0.9758|30798,0.9069|0.9512|32136,0.9825|0.9912|29596
mango009T(7),mango,25427,0.9510|0.9749|26383,0.9524|0.9756|26312,0.9493|0.9740|25495,0.9815|0.9907|24961
mango009T(8),mango,22009,0.9420|0.9701|22896,0.9494|0.9740|22776,0.9472|0.9729|22587,0.9882|0.9941|21764
mango009T(9),mango,22265,0.9519|0.9753|23067,0.9559|0.9775|22843,0.9317|0.9646|22567,0.9747|0.9872|21729
mango010S(1),mango,11067,0.9252|0.9612|11828,0.9226|0.9597|11887,0.9454|0.9719|10640,0.9784|0.9891|10836
mango010S(10),mango,11069,0.9202|0.9584|11981,0.9322|0.9649|11721,0.9474|0.9730|11250,0.9865|0.9932|10922
mango010S(11),mango,17368,0.9224|0.9596|18638,0.9194|0.9580|18698,0.9646|0.9820|17297,0.9887|0.9943|17180
mango010S(2),mango,16994,0.9272|0.9622|18133,0.9262|0.9617|18141,0.9715|0.9856|16674,0.9891|0.9945|16816
mango010S(3),mango,10695,0.9188|0.9577|11546,0.9185|0.9575|11542,0.9688|0.9841|10503,0.9847|0.9923|10549
mango010S(4),mango,17190,0.9361|0.9670|18149,0.9351|0.9665|18217,0.9892|0.9946|17160,0.9998|0.9999|17186
mango010S(5),mango,11079,0.9154|0.9559|11981,0.9169|0.9567|12018,0.9561|0.9776|10957,0.9934|0.9967|11012
mango010S(6),mango,16723,0.9369|0.9674|17733,0.9322|0.9649|17863,0.9722|0.9859|16873,0.9958|0.9979|16655
mango010S(7),mango,11296,0.9243|0.9607|12090,0.9210|0.9589|12152,0.9777|0.9887|11147,0.9888|0.9944|11172
mango010S(8),mango,16894,0.9338|0.9658|17947,0.9312|0.9644|18046,0.9830|0.9914|16721,0.9984|0.9992|16877
mango010S(9),mango,16398,0.9139|0.9550|17896,0.9150|0.9556|17886,0.9702|0.9849|16106,0.9876|0.9937|16194
mango010T(1),mango,24748,0.9461|0.9723|26099,0.9470|0.9728|26103,0.9297|0.9635|26384,0.9970|0.9985|24702
mango010T(10),mango,33790,0.9609|0.9800|34940,0.9573|0.9782|35161,0.9847|0.9923|34058,0.9971|0.9985|33709
mango010T(11),mango,29998,0.9611|0.9802|30766,0.9628|0.9810|30860,0.9756|0.9876|30478,0.9971|0.9986|29928
mango010T(2),mango,26761,0.9628|0.9811|27456,0.9557|0.9773|27699,0.9602|0.9797|27642,0.9979|0.9990|26712
mango010T(3),mango,35276,0.9610|0.9801|36484,0.9611|0.9802|36458,0.9719|0.9857|35357,0.9911|0.9955|34969
mango010T(4),mango,28204,0.9584|0.9788|29198,0.9590|0.9791|29242,0.9780|0.9889|28714,0.9980|0.9990|28148
mango010T(5),mango,31213,0.9572|0.9781|32383,0.9580|0.9785|32452,0.9599|0.9796|31662,0.9902|0.9951|30908
mango010T(6),mango,24218,0.9442|0.9713|25492,0.9605|0.9798|24868,0.9706|0.9851|24520,0.9923|0.9961|24032
mango010T(7),mango,26528,0.9488|0.9737|27693,0.9501|0.9744|27702,0.9379|0.9679|25523,0.9863|0.9931|26166
mango010T(8),mango,23149,0.9511|0.9750|23850,0.9500|0.9744|23915,0.9741|0.9869|23386,0.9968|0.9984|23094
mango010T(9),mango,33420,0.9579|0.9785|34704,0.9612|0.9802|34290,0.9755|0.9876|33720,0.9924|0.9962|33198
mix011S(1),mix,51984,0.9518|0.9753|54396,0.9523|0.9756|54440,0.9485|0.9736|52068,0.9812|0.9905|51017
mix011S(2),mix,52472,0.9530|0.9760|54795,0.9539|0.9764|54792,0.9681|0.9838|51580,0.9802|0.9900|51437
mix011S(3),mix,49642,0.9604|0.9798|51156,0.9610|0.9801|51273,0.9624|0.9808|49260,0.9827|0.9913|48783
mix011S(4),mix,53752,0.9350|0.9664|57007,0.9458|0.9722|56484,0.9609|0.9800|53859,0.9856|0.9928|53017
mix011T(1),mix,69291,0.9586|0.9788|71859,0.9664|0.9829|71231,0.9584|0.9788|71159,0.9943|0.9971|69028
mix011T(2),mix,54165,0.9521|0.9755|56744,0.9522|0.9755|56697,0.9584|0.9788|53466,0.9750|0.9874|52813
mix011T(3),mix,66545,0.9668|0.9831|67938,0.9623|0.9808|68364,0.9719|0.9857|66224,0.9888|0.9944|65811
mix011T(4),mix,65425,0.9642|0.9818|66930,0.9638|0.9816|66967,0.9735|0.9866|65197,0.9940|0.9970|65033
mix012S(1),mix,46954,0.9565|0.9778|48713,0.9566|0.9778|48718,0.9727|0.9862|46040,0.9831|0.9915|46167
mix012S(2),mix,48441,0.9594|0.9793|50016,0.9652|0.9823|49536,0.9651|0.9822|47194,0.9753|0.9875|47247
mix012S(3),mix,43649,0.9431|0.9707|46116,0.9464|0.9725|45827,0.9723|0.9860|43313,0.9869|0.9934|43094
mix012S(4),mix,46303,0.9391|0.9686|48798,0.9594|0.9793|47732,0.9736|0.9866|46122,0.9870|0.9935|45712
mix012T(1),mix,50240,0.9506|0.9747|52565,0.9546|0.9768|52305,0.9553|0.9771|50623,0.9881|0.9940|49650
mix012T(2),mix,43513,0.9549|0.9769|44881,0.9566|0.9778|44682,0.9512|0.9750|42946,0.9803|0.9900|42655
mix012T(3),mix,48953,0.9463|0.9724|51230,0.9503|0.9745|51121,0.9714|0.9855|48608,0.9850|0.9924|48222
mix012T(4),mix,44412,0.9522|0.9755|46107,0.9535|0.9762|46197,0.9815|0.9907|44316,0.9948|0.9974|44185
mix013S(1),mix,46233,0.9565|0.9777|47828,0.9594|0.9793|47636,0.9732|0.9864|45922,0.9909|0.9954|45817
mix013S(2),mix,41931,0.9511|0.9749|43905,0.9553|0.9771|43536,0.9677|0.9836|41075,0.9809|0.9904|41149
mix013S(3),mix,45657,0.9495|0.9741|47813,0.9517|0.9752|47569,0.9704|0.9850|45007,0.9881|0.9940|45119
mix013S(4),mix,49177,0.9496|0.9741|51371,0.9498|0.9742|51296,0.9779|0.9888|49117,0.9926|0.9963|48835
mix013T(1),mix,39403,0.9614|0.9803|40168,0.9578|0.9784|40464,0.9308|0.9641|37468,0.9859|0.9929|38850
mix013T(2),mix,36997,0.7898|0.8826|45968,0.9511|0.9749|38308,0.9691|0.9843|36969,0.9905|0.9952|36647
mix013T(3),mix,44131,0.9461|0.9723|46281,0.9479|0.9733|46300,0.9759|0.9878|45055,0.9979|0.9990|44129
mix013T(4),mix,40272,0.9506|0.9747|42040,0.9544|0.9767|41852,0.9620|0.9806|40125,0.9952|0.9976|40124
mix014S(1),mix,54553,0.9544|0.9767|56936,0.9516|0.9752|57153,0.9642|0.9818|53101,0.9866|0.9932|53826
mix014S(2),mix,59091,0.9629|0.9811|60873,0.9601|0.9796|61067,0.9745|0.9871|57991,0.9877|0.9938|58368
mix014S(3),mix,55198,0.9584|0.9788|57044,0.9640|0.9817|56630,0.9623|0.9808|54259,0.9771|0.9884|53941
mix014S(4),mix,56736,0.9620|0.9806|58798,0.9581|0.9786|59062,0.9713|0.9855|55958,0.9881|0.9940|56074
mix014T(1),mix,35824,0.9429|0.9706|37164,0.9427|0.9705|37553,0.9348|0.9663|36316,0.9886|0.9943|35470
mix014T(2),mix,44785,0.9486|0.9736|45832,0.9494|0.9740|46372,0.9452|0.9718|44180,0.9959|0.9980|44624
mix014T(3),mix,39698,0.9330|0.9654|42122,0.9341|0.9659|42327,0.8945|0.9443|36844,0.9985|0.9993|39689
mix014T(4),mix,38385,0.9414|0.9698|40020,0.9441|0.9712|40256,0.9311|0.9643|39730,0.9940|0.9970|38217
mooncake005S(1),mooncake,7441,0.8479|0.9177|8623,0.8062|0.8927|9223,0.9267|0.9619|7250,0.9992|0.9996|7435
mooncake005S(2),mooncake,7284,0.8476|0.9175|8367,0.8548|0.9217|8287,0.9646|0.9820|7097,0.9868|0.9934|7192
mooncake005S(3),mooncake,6912,0.8422|0.9144|8082,0.8483|0.9179|8026,0.9537|0.9763|6770,0.9884|0.9942|6832
mooncake005S(4),mooncake,7032,0.8972|0.9458|7525,0.8580|0.9236|8185,0.9439|0.9712|6698,0.9788|0.9893|6885
mooncake005S(5),mooncake,7062,0.8981|0.9463|7772,0.8914|0.9426|7912,0.9182|0.9573|6490,0.9442|0.9713|6670
mooncake005S(6),mooncake,8123,0.8827|0.9377|9134,0.9204|0.9585|8567,0.9282|0.9628|7611,0.9520|0.9754|7733
mooncake005S(7),mooncake,7775,0.8446|0.9158|9094,0.8397|0.9129|9158,0.9207|0.9587|7222,0.9547|0.9768|7423
mooncake005T(1),mooncake,14299,0.9413|0.9698|14984,0.9370|0.9675|15058,0.9534|0.9762|13924,0.9878|0.9938|14130
mooncake005T(2),mooncake,18033,0.9504|0.9746|18690,0.9499|0.9743|18596,0.9530|0.9759|18613,0.9952|0.9976|17967
mooncake005T(3),mooncake,15860,0.9381|0.9681|16642,0.9424|0.9704|16633,0.9695|0.9845|15914,0.9969|0.9985|15813
mooncake005T(4),mooncake,16669,0.9344|0.9661|17660,0.9384|0.9682|17659,0.9571|0.9781|16669,0.9936|0.9968|16562
mooncake005T(5),mooncake,17119,0.9442|0.9713|17874,0.9483|0.9735|17851,0.9752|0.9874|17123,0.9958|0.9979|17047
mooncake005T(6),mooncake,16270,0.9383|0.9682|17202,0.9397|0.9689|17163,0.9513|0.9750|15817,0.9821|0.9910|15985
mooncake005T(7),mooncake,19857,0.9559|0.9774|20313,0.9543|0.9766|20456,0.8966|0.9455|17860,0.9557|0.9774|18978
mooncake006S(1),mooncake,12570,0.8952|0.9447|13963,0.8931|0.9436|14006,0.9790|0.9894|12720,0.9994|0.9997|12572
mooncake006S(2),mooncake,11222,0.8813|0.9369|12652,0.8989|0.9468|12268,0.9598|0.9795|11643,0.9990|0.9995|11217
mooncake006S(3),mooncake,11243,0.9073|0.9514|12324,0.9052|0.9503|12403,0.9447|0.9716|11777,0.9989|0.9995|11253
mooncake006S(4),mooncake,11266,0.8883|0.9409|12563,0.8812|0.9369|12744,0.9079|0.9517|12327,0.9986|0.9993|11282
mooncake006S(5),mooncake,11456,0.9372|0.9676|12062,0.9376|0.9678|12123,0.9672|0.9833|11783,0.9977|0.9989|11478
mooncake006S(6),mooncake,12093,0.9337|0.9657|12686,0.9304|0.9639|12886,0.9556|0.9773|12238,0.9876|0.9938|11967
mooncake006S(7),mooncake,11628,0.8630|0.9264|13332,0.8658|0.9281|13392,0.9237|0.9604|12513,0.9997|0.9998|11628
mooncake006S(8),mooncake,12147,0.8935|0.9437|13377,0.8961|0.9452|13371,0.9762|0.9880|12253,0.9989|0.9995|12148
mooncake006T(1),mooncake,33671,0.9677|0.9836|34276,0.9699|0.9847|34229,0.9398|0.9690|34811,0.9866|0.9933|33221
mooncake006T(2),mooncake,50245,0.9724|0.9860|51453,0.9733|0.9865|51406,0.9630|0.9812|51801,0.9983|0.9991|50162
mooncake006T(3),mooncake,40755,0.9627|0.9810|42050,0.9716|0.9856|41552,0.9737|0.9867|40552,0.9938|0.9969|40501
mooncake006T(4),mooncake,36873,0.9617|0.9805|38139,0.9648|0.9821|37821,0.9671|0.9833|37812,0.9993|0.9997|36848
mooncake006T(5),mooncake,33025,0.9647|0.9820|33673,0.9649|0.9822|33592,0.9517|0.9752|34603,0.9991|0.9995|32996
mooncake006T(6),mooncake,38987,0.9632|0.9813|40009,0.9643|0.9818|40002,0.9631|0.9812|39644,0.9971|0.9986|38879
mooncake006T(7),mooncake,41056,0.9595|0.9793|42498,0.9680|0.9837|42185,0.9324|0.9650|43229,0.9973|0.9987|41002
mooncake006T(8),mooncake,32108,0.9636|0.9814|33049,0.9636|0.9815|32965,0.8994|0.9470|34793,0.9939|0.9970|31927
orange012S(1),orange,22608,0.9762|0.9880|23121,0.9736|0.9866|23158,0.9819|0.9908|22598,0.9969|0.9984|22538
orange012S(2),orange,19353,0.9735|0.9866|19807,0.9749|0.9873|19772,0.9868|0.9933|19421,0.9965|0.9983|19286
orange012S(3),orange,17514,0.9804|0.9901|17763,0.9746|0.9871|17863,0.9804|0.9901|17685,0.7614|0.8645|22801
orange012S(4),orange,16821,0.9730|0.9863|17188,0.9736|0.9866|17169,0.9825|0.9912|16801,0.9938|0.9969|16716
orange012S(5),orange,17907,0.9687|0.9841|18409,0.9722|0.9859|18172,0.9830|0.9914|17932,0.9943|0.9971|17805
orange012S(6),orange,17557,0.9677|0.9836|18103,0.9691|0.9843|18050,0.5932|0.7447|29101,0.7673|0.8683|22589
orange012S(7),orange,20208,0.9744|0.9870|20577,0.9755|0.9876|20570,0.9855|0.9927|20185,0.9940|0.9970|20087
orange012S(8),orange,17396,0.9728|0.9862|17718,0.9744|0.9870|17737,0.9800|0.9899|17398,0.7006|0.8239|24557
orange012S(9),orange,17619,0.9726|0.9861|18014,0.9730|0.9863|17980,0.9788|0.9893|17775,0.9964|0.9982|17555
orange012T(1),orange,10614,0.9569|0.9780|10957,0.9589|0.9790|10934,0.9663|0.9829|10530,0.9817|0.9908|10420
orange012T(2),orange,6472,0.9298|0.9636|6753,0.6568|0.7929|9601,0.9472|0.9729|6520,0.9815|0.9906|6352
orange012T(3),orange,8402,0.9434|0.9709|8904,0.9519|0.9754|8763,0.9649|0.9821|8370,0.9814|0.9906|8246
orange012T(4),orange,7278,0.6944|0.8196|10476,0.6229|0.7676|11671,0.9549|0.9769|7513,0.9916|0.9958|7217
orange012T(5),orange,7899,0.7587|0.8628|10400,0.9498|0.9743|8304,0.9687|0.9841|7994,0.9884|0.9941|7807
orange012T(6),orange,9982,0.9561|0.9776|10383,0.9608|0.9800|10200,0.9692|0.9843|10135,0.9920|0.9960|9902
orange012T(7),orange,8856,0.9684|0.9839|9078,0.9631|0.9812|9138,0.9456|0.9720|8545,0.9589|0.9790|8492
orange012T(8),orange,10973,0.9527|0.9758|11389,0.9467|0.9726|11488,0.9694|0.9844|10873,0.9879|0.9939|10840
orange012T(9),orange,8524,0.7646|0.8666|11086,0.9549|0.9770|8875,0.9248|0.9609|8002,0.9311|0.9643|7937
orange013S(1),orange,12031,0.9590|0.9791|12519,0.9606|0.9799|12431,0.9435|0.9709|12360,0.9907|0.9953|11919
orange013S(2),orange,11122,0.9689|0.9842|11436,0.9685|0.9840|11449,0.9795|0.9896|11046,0.9918|0.9959|11031
orange013S(3),orange,11046,0.9592|0.9792|11479,0.9566|0.9778|11514,0.9824|0.9911|11034,0.9948|0.9974|10992
orange013S(4),orange,11905,0.9588|0.9790|12331,0.9561|0.9776|12388,0.4890|0.6568|23677,0.6377|0.7788|18247
orange013S(5),orange,11906,0.9667|0.9830|12221,0.9666|0.9830|12226,0.9826|0.9912|11838,0.7035|0.8260|16754
orange013T(1),orange,9171,0.9397|0.9689|9704,0.9396|0.9689|9579,0.9709|0.9852|9261,0.9942|0.9971|9118
orange013T(2),orange,11660,0.9601|0.9796|11953,0.9580|0.9785|12143,0.9708|0.9852|11595,0.9877|0.9938|11516
orange013T(3),orange,14393,0.9561|0.9776|15054,0.9631|0.9812|14944,0.9762|0.9880|14555,0.9943|0.9971|14317
orange013T(4),orange,10688,0.9465|0.9725|11290,0.9543|0.9766|11200,0.9605|0.9798|10628,0.9840|0.9919|10523
orange013T(5),orange,10644,0.9590|0.9791|11034,0.9647|0.9820|10981,0.9684|0.9840|10727,0.9881|0.9940|10517
orange014S(1),orange,15488,0.9667|0.9830|15894,0.9669|0.9832|15915,0.9817|0.9908|15460,0.9926|0.9963|15373
orange014S(2),orange,16504,0.9714|0.9855|16860,0.9719|0.9858|16735,0.9761|0.9879|16868,0.9998|0.9999|16505
orange014S(3),orange,16190,0.9640|0.9817|16750,0.9670|0.9832|16684,0.9759|0.9878|16084,0.9855|0.9927|15955
orange014T(1),orange,10514,0.9638|0.9816|10864,0.9592|0.9792|10961,0.9822|0.9910|10612,0.9937|0.9969|10448
orange014T(2),orange,9343,0.9240|0.9605|10103,0.9225|0.9597|10128,0.9678|0.9836|9390,0.9819|0.9909|9174
orange014T(3),orange,11222,0.9451|0.9718|11861,0.9459|0.9722|11796,0.9639|0.9816|11137,0.9808|0.9903|11007
orange015S(1),orange,17601,0.9411|0.9697|17178,0.9479|0.9733|17430,0.9215|0.9591|16398,0.9352|0.9665|16478
orange015S(2),orange,15734,0.9617|0.9805|16315,0.9574|0.9782|16416,0.5896|0.7418|26635,0.7572|0.8619|20764
orange015S(3),orange,20271,0.9720|0.9858|20733,0.9713|0.9854|20746,0.9829|0.9914|20197,0.7831|0.8784|25639
orange015S(4),orange,18536,0.9739|0.9868|18964,0.8606|0.9251|21494,0.9834|0.9916|18774,0.9971|0.9985|18544
orange015S(5),orange,18856,0.9703|0.9849|19344,0.9640|0.9817|19516,0.9699|0.9847|18812,0.9877|0.9938|18624
orange015S(6),orange,19178,0.9735|0.9866|19627,0.9725|0.9860|19601,0.9793|0.9895|19258,0.9929|0.9964|19042
orange015T(1),orange,8582,0.9529|0.9759|8898,0.9452|0.9718|8999,0.9813|0.9906|8691,0.9962|0.9981|8549
orange015T(2),orange,11795,0.9536|0.9763|12305,0.9529|0.9759|12239,0.9759|0.9878|11973,0.9924|0.9962|11705
orange015T(3),orange,11681,0.9537|0.9763|12199,0.9498|0.9743|12282,0.9695|0.9845|11898,0.9955|0.9977|11628
orange015T(4),orange,10351,0.9550|0.9770|10820,0.9508|0.9748|10874,0.9678|0.9837|10632,0.9980|0.9990|10330
orange015T(5),orange,8978,0.9236|0.9603|9710,0.9182|0.9573|9778,0.9810|0.9904|9107,0.9986|0.9993|8965
orange015T(6),orange,9669,0.9529|0.9759|10130,0.9434|0.9709|10239,0.9768|0.9883|9619,0.9974|0.9987|9662
peach004S(1),peach,14121,0.9367|0.9673|14939,0.9336|0.9657|15084,0.9782|0.9890|14055,0.9927|0.9963|14018
peach004S(10),peach,13504,0.9325|0.9651|14227,0.9453|0.9719|13867,0.9674|0.9834|13418,0.9998|0.9999|13503
peach004S(11),peach,14072,0.9306|0.9640|14651,0.9391|0.9686|14774,0.9424|0.9704|13654,0.9994|0.9997|14076
peach004S(12),peach,14823,0.9384|0.9682|15610,0.9489|0.9738|15313,0.9645|0.9819|14483,0.9996|0.9998|14829
peach004S(13),peach,14829,0.9488|0.9737|15270,0.9557|0.9773|15222,0.9701|0.9848|14475,0.9887|0.9943|14669
peach004S(14),peach,16999,0.9375|0.9677|18005,0.9330|0.9653|18061,0.9680|0.9837|16587,0.9935|0.9967|16894
peach004S(15),peach,14036,0.9431|0.9707|14547,0.9383|0.9682|14605,0.9502|0.9745|13680,0.9699|0.9847|13621
peach004S(16),peach,14542,0.9073|0.9514|15864,0.9177|0.9571|15443,0.9670|0.9832|14577,0.9992|0.9996|14548
peach004S(17),peach,14017,0.9287|0.9630|14966,0.9224|0.9596|15076,0.9615|0.9804|14024,0.9971|0.9985|13978
peach004S(18),peach,14740,0.9338|0.9658|15402,0.9336|0.9656|15437,0.9713|0.9854|14541,0.9845|0.9922|14513
peach004S(19),peach,15202,0.9434|0.9709|15974,0.9564|0.9777|15593,0.9851|0.9925|15266,0.9981|0.9990|15173
peach004S(2),peach,13416,0.9511|0.9749|13954,0.9495|0.9741|13966,0.9884|0.9942|13471,0.9984|0.9992|13400
peach004S(20),peach,13676,0.9296|0.9635|14563,0.9311|0.9643|14538,0.9817|0.9908|13911,0.9995|0.9997|13677
peach004S(3),peach,13442,0.9374|0.9677|14220,0.9295|0.9635|14422,0.9816|0.9907|13432,0.9932|0.9966|13357
peach004S(4),peach,14470,0.9286|0.9630|15234,0.9292|0.9633|15363,0.9817|0.9908|14641,0.9999|1.0000|14471
peach004S(5),peach,13485,0.9449|0.9717|14039,0.9465|0.9725|14089,0.9822|0.9910|13665,0.9990|0.9995|13491
peach004S(6),peach,13419,0.9295|0.9634|14130,0.9258|0.9615|14266,0.9794|0.9896|13632,0.9991|0.9996|13431
peach004S(7),peach,14448,0.9352|0.9665|15273,0.9327|0.9652|15364,0.9713|0.9854|14786,0.9993|0.9997|14458
peach004S(8),peach,14282,0.9290|0.9632|15157,0.9297|0.9636|15210,0.9832|0.9915|14233,0.9966|0.9983|14235
peach004S(9),peach,14577,0.9219|0.9594|15705,0.9206|0.9587|15740,0.9859|0.9929|14616,0.9966|0.9983|14530
peach004T(1),peach,25214,0.9577|0.9784|25970,0.9489|0.9738|26288,0.9522|0.9755|26140,0.9937|0.9969|25090
peach004T(10),peach,18635,0.9465|0.9725|19281,0.9462|0.9723|19473,0.9265|0.9618|17508,0.9696|0.9846|18068
peach004T(11),peach,20506,0.9567|0.9779|21189,0.9550|0.9770|20982,0.9799|0.9898|20767,0.9998|0.9999|20506
peach004T(12),peach,21199,0.9624|0.9808|21552,0.9546|0.9768|21806,0.9656|0.9825|20744,0.9917|0.9958|21057
peach004T(13),peach,21582,0.9625|0.9809|22051,0.9604|0.9798|22157,0.9825|0.9912|21439,0.9997|0.9998|21589
peach004T(14),peach,17500,0.9467|0.9726|18167,0.9504|0.9746|18116,0.9762|0.9879|17261,0.9877|0.9938|17285
peach004T(15),peach,21069,0.9449|0.9717|22088,0.9496|0.9742|21981,0.9807|0.9903|20956,0.9913|0.9956|20885
peach004T(16),peach,22531,0.9548|0.9769|23093,0.9648|0.9821|23145,0.9507|0.9747|23676,0.9993|0.9996|22541
peach004T(17),peach,21096,0.9510|0.9749|22065,0.9522|0.9755|22000,0.9676|0.9835|20886,0.9871|0.9935|20825
peach004T(18),peach,23662,0.9492|0.9739|24508,0.9514|0.9751|24484,0.9404|0.9693|24953,0.9973|0.9986|23607
peach004T(19),peach,28842,0.9668|0.9831|29128,0.9644|0.9819|29280,0.9688|0.9841|28859,0.9845|0.9922|28398
peach004T(2),peach,20493,0.9471|0.9728|21445,0.9499|0.9743|21356,0.9485|0.9736|20833,0.9929|0.9964|20349
peach004T(20),peach,20231,0.9620|0.9806|20684,0.9611|0.9802|20544,0.9704|0.9850|20530,0.9990|0.9995|20210
peach004T(3),peach,20054,0.9573|0.9782|20605,0.9560|0.9775|20532,0.9844|0.9922|20206,0.9983|0.9992|20020
peach004T(4),peach,22305,0.9621|0.9807|22683,0.9544|0.9767|23029,0.9736|0.9866|22580,0.9953|0.9977|22201
peach004T(5),peach,28213,0.9579|0.9785|29000,0.9557|0.9773|29252,0.9820|0.9909|28354,0.9959|0.9980|28098
peach004T(6),peach,22393,0.9456|0.9720|23113,0.9461|0.9723|22985,0.9154|0.9559|22911,0.9998|0.9999|22398
peach004T(7),peach,24854,0.9500|0.9743|25543,0.9522|0.9755|25768,0.8746|0.9331|25570,0.9893|0.9946|24591
peach004T(8),peach,26193,0.9565|0.9778|27112,0.9631|0.9812|26794,0.9245|0.9608|28089,0.9982|0.9991|26147
peach004T(9),peach,20450,0.9303|0.9639|21261,0.9169|0.9567|20413,0.9437|0.9710|21016,0.9930|0.9965|20595
peach005S(1),peach,21375,NO_PRED,0.9437|0.9710|22402,0.9836|0.9918|21200,0.9963|0.9981|21299
peach005S(10),peach,24869,0.9470|0.9728|26033,0.8831|0.9379|27913,0.9799|0.9899|24621,0.9861|0.9930|24533
peach005S(2),peach,23990,0.9109|0.9533|25866,0.9339|0.9658|25533,0.9719|0.9858|23528,0.9808|0.9903|23529
peach005S(3),peach,21881,0.9284|0.9629|23328,0.9541|0.9765|22780,0.9867|0.9933|21906,0.9941|0.9970|21751
peach005S(4),peach,20668,0.9422|0.9703|21496,0.9401|0.9691|21614,0.9748|0.9872|21152,0.9994|0.9997|20680
peach005S(5),peach,20819,0.9537|0.9763|21648,0.9490|0.9739|21748,0.9846|0.9923|20928,0.9978|0.9989|20777
peach005S(6),peach,24078,0.9553|0.9771|24878,0.9567|0.9779|24793,0.9872|0.9935|24065,0.9998|0.9999|24082
peach005S(7),peach,22781,0.9439|0.9711|23701,0.9493|0.9740|23884,0.9638|0.9816|22110,0.9706|0.9851|22114
peach005S(8),peach,21971,0.9423|0.9703|22930,0.9638|0.9816|22399,0.9830|0.9914|21928,0.9950|0.9975|21862
peach005S(9),peach,21703,0.9618|0.9805|22155,0.9591|0.9791|22219,0.9774|0.9885|21441,0.9852|0.9925|21384
peach005T(1),peach,37003,0.9552|0.9771|38034,0.9525|0.9757|37886,0.8765|0.9342|41898,0.9987|0.9994|37006
peach005T(10),peach,45197,0.9635|0.9814|46632,0.9683|0.9839|46122,0.9711|0.9853|45030,0.9900|0.9950|44745
peach005T(2),peach,37551,0.9640|0.9816|38678,0.9653|0.9823|38566,0.9698|0.9847|37510,0.9863|0.9931|37059
peach005T(3),peach,33131,0.9655|0.9824|34191,0.9665|0.9830|34176,0.9498|0.9742|34705,0.9976|0.9988|33081
peach005T(4),peach,30398,0.9573|0.9782|31497,0.9566|0.9778|31612,0.9704|0.9850|30786,0.9936|0.9968|30214
peach005T(5),peach,31322,0.9584|0.9788|32423,0.9575|0.9783|32436,0.9673|0.9834|32329,0.9973|0.9986|31374
peach005T(6),peach,44427,0.9713|0.9854|45504,0.9726|0.9861|45159,0.9707|0.9852|44558,0.9922|0.9961|44124
peach005T(7),peach,37332,0.9627|0.9810|38543,0.9697|0.9846|38212,0.9851|0.9925|37461,0.9960|0.9980|37206
peach005T(8),peach,41104,0.9708|0.9852|41932,0.9744|0.9870|41743,0.9719|0.9858|41215,0.9897|0.9948|40728
peach005T(9),peach,36445,0.9679|0.9837|36982,0.9658|0.9826|37360,0.9822|0.9910|36694,0.9969|0.9984|36339
pear005S(1),pear,17327,0.9702|0.9849|17837,NO_PRED,0.9721|0.9859|17193,0.8122|0.8964|20737
pear005S(2),pear,18390,0.9755|0.9876|18752,0.9749|0.9873|18702,0.9668|0.9831|18132,0.8086|0.8942|21955
pear005S(3),pear,20004,0.9745|0.9871|20415,0.9729|0.9863|20396,0.6466|0.7854|30664,0.8072|0.8933|24684
pear005S(4),pear,18727,0.9744|0.9871|19056,0.9801|0.9899|18940,0.9800|0.9899|18948,0.9995|0.9998|18730
pear005S(5),pear,18743,0.9793|0.9896|19058,0.9794|0.9896|19052,0.9644|0.9819|19413,0.9996|0.9998|18740
pear005S(6),pear,15436,0.9693|0.9844|15696,0.9670|0.9832|15725,0.5595|0.7175|26822,0.7954|0.8860|19201
pear005S(7),pear,17557,NO_PRED,0.9711|0.9853|17993,0.9346|0.9662|16922,0.7656|0.8672|21009
pear005T(1),pear,10775,0.9516|0.9752|11184,0.9505|0.9746|11190,0.9532|0.9761|10687,0.9701|0.9848|10453
pear005T(2),pear,6316,0.6319|0.7744|9985,0.9325|0.9651|6773,0.9751|0.9874|6372,0.9986|0.9993|6325
pear005T(3),pear,7832,0.9519|0.9754|8170,0.9534|0.9761|8100,0.9764|0.9881|8021,0.9994|0.9997|7837
pear005T(4),pear,5792,0.6628|0.7972|8668,0.6073|0.7557|9476,0.9726|0.9861|5927,0.9972|0.9986|5808
pear005T(5),pear,5786,0.6499|0.7878|8849,0.5696|0.7258|10109,0.9713|0.9854|5892,0.9964|0.9982|5799
pear005T(6),pear,8295,0.7702|0.8702|10698,0.9531|0.9760|8646,0.9528|0.9758|8249,0.9771|0.9884|8107
pear005T(7),pear,9418,0.7537|0.8595|12380,0.6956|0.8205|13418,0.9716|0.9856|9663,0.9990|0.9995|9423
pear006S(1),pear,11973,NO_PRED,0.9609|0.9801|12368,0.9636|0.9815|11722,0.9723|0.9859|11649
pear006S(2),pear,17803,NO_PRED,0.9594|0.9793|18487,0.9398|0.9689|17066,0.9505|0.9746|16922
pear006S(3),pear,16197,0.9603|0.9798|16776,0.9551|0.9770|16938,0.9173|0.9569|14882,0.9271|0.9622|15020
pear006S(4),pear,16382,0.9584|0.9787|17073,0.9594|0.9793|17059,0.9581|0.9786|15890,0.9655|0.9825|15817
pear006S(5),pear,13806,0.9668|0.9831|14225,0.9672|0.9833|14224,0.6643|0.7983|20037,0.7345|0.8469|18334
pear006S(6),pear,12981,0.9667|0.9830|13380,0.9674|0.9834|13355,0.9316|0.9646|13156,0.9901|0.9950|12854
pear006S(7),pear,14136,0.9628|0.9811|14519,0.9713|0.9855|14397,0.9728|0.9862|13937,0.9844|0.9921|13937
pear006S(8),pear,11451,0.9584|0.9788|11772,0.9555|0.9773|11808,0.5370|0.6988|20314,0.6825|0.8113|16333
pear006S(9),pear,12099,0.9639|0.9816|12402,0.9671|0.9833|12317,0.4315|0.6029|27387,0.4769|0.6459|24928
pear006T(1),pear,11004,0.9670|0.9832|11373,0.9631|0.9812|11377,0.9611|0.9801|11050,0.9802|0.9900|10834
pear006T(2),pear,11644,0.9553|0.9771|12130,0.9534|0.9761|12183,0.9787|0.9893|11523,0.9985|0.9992|11632
pear006T(3),pear,8548,0.9505|0.9746|8913,0.9489|0.9738|8986,0.9792|0.9895|8479,0.9942|0.9971|8508
pear006T(4),pear,12257,0.9554|0.9772|12807,0.9538|0.9764|12834,0.9619|0.9806|12496,0.9903|0.9951|12230
pear006T(5),pear,11692,0.9628|0.9810|12083,0.9667|0.9830|11957,0.9812|0.9905|11650,0.9973|0.9986|11666
pear006T(6),pear,14603,0.9604|0.9798|15124,0.9688|0.9842|14827,0.9697|0.9846|14874,0.9945|0.9972|14522
pear006T(7),pear,13214,0.9652|0.9823|13491,0.9672|0.9833|13591,0.9658|0.9826|13161,0.9815|0.9906|12979
pear006T(8),pear,12921,0.9670|0.9832|13354,0.9668|0.9831|13352,0.9759|0.9878|13129,0.9966|0.9983|12899
pear006T(9),pear,11563,0.9316|0.9646|12408,0.9342|0.9660|12378,0.9632|0.9813|11617,0.9815|0.9907|11349
plum004S(1),plum,17514,0.9466|0.9726|18241,0.9413|0.9698|18361,0.9511|0.9749|18216,0.9986|0.9993|17538
plum004S(10),plum,14352,0.9429|0.9706|15054,0.9393|0.9687|15193,0.9550|0.9770|14854,0.9995|0.9998|14357
plum004S(11),plum,16521,0.9331|0.9654|17581,0.9168|0.9566|18007,0.9760|0.9879|16216,0.9942|0.9971|16425
plum004S(12),plum,14927,0.9287|0.9630|15880,0.9132|0.9547|16322,0.9520|0.9754|15505,0.9971|0.9986|14900
plum004S(13),plum,15658,0.9316|0.9646|16664,0.9196|0.9581|16988,0.9682|0.9838|15298,0.9830|0.9914|15401
plum004S(14),plum,15926,0.9379|0.9680|16773,0.9325|0.9651|16944,0.9331|0.9654|16175,0.9883|0.9941|15751
plum004S(15),plum,17133,0.9385|0.9683|17975,0.9407|0.9694|18017,0.9708|0.9852|16863,0.9904|0.9952|16973
plum004S(16),plum,17477,0.9425|0.9704|18356,0.9430|0.9707|18463,0.9847|0.9923|17526,0.9990|0.9995|17495
plum004S(17),plum,18611,0.9373|0.9676|19503,0.9363|0.9671|19550,0.9630|0.9812|18127,0.9877|0.9938|18385
plum004S(18),plum,15789,0.9407|0.9694|16432,0.9405|0.9693|16627,0.9376|0.9678|15459,0.9801|0.9899|15478
plum004S(19),plum,16518,0.9390|0.9686|17355,0.9400|0.9691|17311,0.9545|0.9767|16984,0.9985|0.9992|16511
plum004S(2),plum,15401,0.9312|0.9643|16492,0.9168|0.9566|16628,0.9604|0.9798|15809,0.9965|0.9982|15367
plum004S(20),plum,16219,0.9531|0.9760|16756,0.9509|0.9748|16927,0.9491|0.9739|16090,0.9843|0.9921|15971
plum004S(21),plum,18178,0.9200|0.9583|19588,0.9226|0.9598|19615,0.9527|0.9758|18202,0.9931|0.9965|18060
plum004S(22),plum,17172,0.9341|0.9659|18193,0.9259|0.9615|18441,0.9598|0.9795|17309,0.9893|0.9946|16988
plum004S(23),plum,17961,0.9622|0.9807|18426,0.9614|0.9803|18436,0.9809|0.9903|17861,0.9942|0.9971|17860
plum004S(24),plum,15055,0.9367|0.9673|15851,0.9364|0.9671|15950,0.9692|0.9843|14821,0.9942|0.9971|14970
plum004S(3),plum,14798,0.9315|0.9645|15718,0.9259|0.9615|15828,0.9624|0.9808|14373,0.9729|0.9863|14405
plum004S(4),plum,15825,0.9236|0.9603|17102,0.9233|0.9601|17131,0.9382|0.9681|16739,0.9986|0.9993|15847
plum004S(5),plum,15065,0.9546|0.9768|15614,0.9435|0.9709|15945,0.9789|0.9894|14801,0.9924|0.9962|14953
plum004S(6),plum,14495,0.9318|0.9647|15506,0.9415|0.9699|15348,0.9287|0.9630|15410,0.9967|0.9983|14471
plum004S(7),plum,14831,0.9284|0.9629|15937,0.9244|0.9607|16019,0.9753|0.9875|14635,0.9892|0.9946|14671
plum004S(8),plum,14758,0.9301|0.9638|15816,0.9227|0.9598|15971,0.9360|0.9669|14667,0.9772|0.9885|14421
plum004S(9),plum,17387,0.9441|0.9713|18255,0.9379|0.9679|18477,0.9653|0.9823|17709,0.9952|0.9976|17304
plum004T(1),plum,22593,0.9407|0.9695|23666,0.9396|0.9688|23850,0.9303|0.9639|24017,0.9967|0.9983|22668
plum004T(10),plum,34877,0.9561|0.9775|36340,0.9549|0.9769|36347,0.9635|0.9814|35343,0.9902|0.9951|34570
plum004T(11),plum,33755,0.9600|0.9796|34976,0.9508|0.9748|35377,0.9337|0.9657|35792,0.9937|0.9968|33543
plum004T(12),plum,30297,0.9480|0.9733|31870,0.9468|0.9727|31961,0.9426|0.9705|31747,0.9938|0.9969|30115
plum004T(13),plum,26178,0.9477|0.9731|27552,0.9457|0.9721|27631,0.8783|0.9352|28831,0.9808|0.9903|25676
plum004T(14),plum,21379,0.9453|0.9719|22423,0.9516|0.9752|22252,0.9228|0.9598|22945,0.9941|0.9970|21252
plum004T(15),plum,26410,0.9541|0.9765|27514,0.9574|0.9782|27246,0.9408|0.9695|27918,0.9965|0.9983|26318
plum004T(16),plum,33029,0.9638|0.9816|33899,0.9702|0.9849|33628,0.9527|0.9758|34326,0.9948|0.9974|32856
plum004T(17),plum,27415,0.9538|0.9764|28576,0.9560|0.9775|28447,0.9114|0.9537|29181,0.9865|0.9932|27057
plum004T(18),plum,31554,0.9655|0.9824|32068,0.9686|0.9840|31926,0.9661|0.9828|32345,0.9952|0.9976|31405
plum004T(19),plum,27371,0.9557|0.9773|28422,0.9597|0.9794|28297,0.9075|0.9515|29991,0.9967|0.9984|27285
plum004T(2),plum,24091,0.9598|0.9795|24748,0.9582|0.9787|24767,0.9013|0.9481|25918,0.9840|0.9919|23706
plum004T(20),plum,27878,0.9571|0.9781|28750,0.9636|0.9815|28579,0.9022|0.9486|30782,0.9975|0.9988|27811
plum004T(21),plum,22112,0.9408|0.9695|23395,0.9516|0.9752|23071,0.8816|0.9371|24899,0.9963|0.9982|22041
plum004T(22),plum,18420,0.9369|0.9674|19471,0.9413|0.9698|19391,0.8495|0.9186|20990,0.9902|0.9951|18240
plum004T(23),plum,21644,0.9433|0.9708|22737,0.9396|0.9689|22453,0.8670|0.9288|24916,0.9880|0.9940|21907
plum004T(24),plum,26641,0.9304|0.9640|28423,0.9302|0.9638|28379,0.8905|0.9421|29354,0.9871|0.9935|26301
plum004T(3),plum,19527,0.9456|0.9720|20391,0.9420|0.9702|20452,0.9468|0.9727|19780,0.9841|0.9920|19217
plum004T(4),plum,25035,0.9486|0.9736|26136,0.9502|0.9745|26158,0.9437|0.9710|25888,0.9895|0.9947|24788
plum004T(5),plum,20185,0.9428|0.9706|21277,0.9460|0.9723|21063,0.9269|0.9621|21723,0.9972|0.9986|20130
plum004T(6),plum,23558,0.9414|0.9698|24762,0.9405|0.9694|24932,0.9077|0.9516|24081,0.9628|0.9810|22683
plum004T(7),plum,28361,0.9684|0.9839|29039,0.9661|0.9828|29095,0.9707|0.9851|28422,0.9910|0.9955|28107
plum004T(8),plum,30472,0.9691|0.9843|30973,0.9627|0.9810|31352,0.9666|0.9830|30440,0.9904|0.9952|30180
plum004T(9),plum,25725,0.9433|0.9708|27190,0.9416|0.9699|27242,0.8855|0.9393|28497,0.9911|0.9955|25496
qiwi007S(1),qiwi,28123,0.9646|0.9820|28968,0.9732|0.9864|28663,0.9432|0.9708|27951,0.9982|0.9991|28073
qiwi007S(10),qiwi,27421,0.9638|0.9816|28333,0.9654|0.9824|28240,0.9372|0.9676|27141,0.9907|0.9953|27175
qiwi007S(11),qiwi,21974,0.9532|0.9761|22956,0.9531|0.9760|22925,0.8957|0.9450|23799,0.9970|0.9985|21967
qiwi007S(12),qiwi,23908,0.9640|0.9817|24637,0.9645|0.9819|24598,0.9529|0.9759|24076,0.9967|0.9984|23832
qiwi007S(2),qiwi,21232,0.9642|0.9818|21819,0.9643|0.9818|21828,0.9566|0.9778|21433,0.9879|0.9939|20987
qiwi007S(3),qiwi,29643,0.9539|0.9764|30788,0.9543|0.9766|30838,0.9534|0.9761|28908,0.9839|0.9919|29204
qiwi007S(4),qiwi,22226,0.9571|0.9781|23040,0.9593|0.9792|22779,0.9391|0.9686|22972,0.9930|0.9965|22074
qiwi007S(5),qiwi,27972,0.9572|0.9781|29093,0.9594|0.9793|28900,0.9589|0.9790|27289,0.9893|0.9946|27672
qiwi007S(6),qiwi,23838,0.4766|0.6455|45730,0.9325|0.9651|23487,0.9396|0.9689|22809,0.9752|0.9875|23265
qiwi007S(7),qiwi,27892,0.9321|0.9649|29157,0.9576|0.9783|28290,0.9643|0.9818|27101,0.9836|0.9917|27504
qiwi007S(8),qiwi,28836,0.9699|0.9847|29411,0.9709|0.9852|29297,0.9685|0.9840|28508,0.9923|0.9961|28689
qiwi007S(9),qiwi,23012,0.9662|0.9828|23672,0.9761|0.9879|23401,0.9730|0.9863|23203,0.9947|0.9973|22893
qiwi007T(1),qiwi,23860,0.9553|0.9772|24660,0.9644|0.9819|24452,0.9521|0.9754|25004,0.9983|0.9992|23852
qiwi007T(10),qiwi,23202,0.9673|0.9834|23735,0.9680|0.9837|23747,0.9201|0.9584|24738,0.9911|0.9955|23054
qiwi007T(11),qiwi,23916,0.9629|0.9811|24490,0.9586|0.9789|24148,0.9520|0.9754|24958,0.9929|0.9965|24030
qiwi007T(12),qiwi,22825,0.9621|0.9807|23361,0.9635|0.9814|23538,0.9495|0.9741|23617,0.9896|0.9948|22802
qiwi007T(2),qiwi,22121,0.9429|0.9706|22769,0.9415|0.9699|23098,0.9369|0.9674|23276,0.9916|0.9958|22036
qiwi007T(3),qiwi,25026,0.9412|0.9697|26491,0.9488|0.9737|25900,0.9437|0.9710|25621,0.9849|0.9924|24649
qiwi007T(4),qiwi,19045,0.9392|0.9687|20195,0.9435|0.9709|19965,0.9344|0.9661|20201,0.9985|0.9992|19016
qiwi007T(5),qiwi,26740,0.9581|0.9786|27562,0.9487|0.9737|28106,0.9314|0.9645|28555,0.9980|0.9990|26735
qiwi007T(6),qiwi,21677,0.9520|0.9754|22290,0.9543|0.9766|22384,0.9767|0.9882|21622,0.9896|0.9948|21451
qiwi007T(7),qiwi,20429,0.9471|0.9728|21231,0.9523|0.9756|21067,0.9790|0.9894|20185,0.9947|0.9973|20325
qiwi007T(8),qiwi,15975,0.9541|0.9765|16684,0.9474|0.9730|16814,0.9587|0.9789|16577,0.9972|0.9986|15956
qiwi007T(9),qiwi,25215,0.9666|0.9830|25636,0.9646|0.9820|25789,0.9295|0.9634|24752,0.9744|0.9870|24590
qiwi008S(1),qiwi,7168,0.9473|0.9730|7550,0.9457|0.9721|7573,0.6090|0.7570|11767,0.9758|0.9877|7346
qiwi008S(2),qiwi,7960,0.9483|0.9735|8295,0.9462|0.9724|8388,0.9742|0.9870|7834,0.9852|0.9925|7842
qiwi008S(3),qiwi,8538,0.9347|0.9663|9101,0.9310|0.9642|9138,0.9727|0.9861|8421,0.9894|0.9947|8511
qiwi008S(4),qiwi,7542,0.9633|0.9813|7725,0.9705|0.9850|7619,0.9801|0.9899|7558,0.9999|0.9999|7541
qiwi008S(5),qiwi,8223,0.9558|0.9774|8491,0.9522|0.9755|8628,0.4425|0.6135|18369,0.9906|0.9953|8156
qiwi008S(6),qiwi,7846,0.9496|0.9741|8203,0.9476|0.9731|8224,0.9810|0.9904|7786,0.9880|0.9940|7754
qiwi008S(7),qiwi,8609,0.9664|0.9829|8870,0.9663|0.9829|8862,0.9685|0.9840|8527,0.9833|0.9916|8475
qiwi008S(8),qiwi,7560,0.9409|0.9695|7940,0.9463|0.9724|7802,0.9662|0.9828|7723,0.9995|0.9997|7560
qiwi008S(9),qiwi,7709,0.9620|0.9806|7981,0.9624|0.9808|7990,0.9804|0.9901|7837,0.9997|0.9999|7711
qiwi008T(1),qiwi,7217,0.9442|0.9713|7617,0.9391|0.9686|7685,0.9679|0.9837|7078,0.9968|0.9984|7194
qiwi008T(2),qiwi,6065,NO_PRED,0.9508|0.9748|6311,0.9477|0.9731|6365,0.9900|0.9950|6096
qiwi008T(3),qiwi,4803,0.9389|0.9685|5072,0.9400|0.9691|5058,NO_PRED,NO_PRED
qiwi008T(4),qiwi,4926,0.9337|0.9657|5162,NO_PRED,0.9354|0.9666|5146,0.9589|0.9790|5033
qiwi008T(5),qiwi,7396,0.9405|0.9693|7862,0.9377|0.9679|7877,0.9863|0.9931|7420,0.9964|0.9982|7373
qiwi008T(6),qiwi,6485,0.9468|0.9727|6808,0.9406|0.9694|6779,0.9702|0.9849|6469,0.9863|0.9931|6527
qiwi008T(7),qiwi,6735,0.9635|0.9814|6947,0.9593|0.9792|6992,0.9620|0.9806|6958,0.8009|0.8894|8380
qiwi008T(8),qiwi,8264,0.9400|0.9691|8649,0.9394|0.9688|8706,0.9573|0.9782|8618,0.9958|0.9979|8297
qiwi008T(9),qiwi,13877,0.9653|0.9824|14343,0.9656|0.9825|14208,0.9841|0.9920|13892,0.9976|0.9988|13850
sachima004S(1),sachima,15592,0.8155|0.8983|18771,0.9378|0.9679|16390,0.9049|0.9501|15565,0.9648|0.9821|15083
sachima004S(10),sachima,19459,0.9417|0.9700|20388,0.9306|0.9641|20812,0.8612|0.9254|19406,0.9416|0.9699|18325
sachima004S(11),sachima,15841,0.9179|0.9572|17059,0.9096|0.9526|17229,0.8738|0.9327|16333,0.9621|0.9807|15263
sachima004S(12),sachima,13594,0.8349|0.9100|16174,0.8349|0.9100|16076,0.8951|0.9446|14233,0.9943|0.9972|13545
sachima004S(13),sachima,16490,0.8669|0.9287|18909,0.8855|0.9393|18542,0.8619|0.9258|17005,0.9605|0.9798|15944
sachima004S(2),sachima,20220,0.9134|0.9547|21687,0.9234|0.9602|21555,0.8475|0.9175|19779,0.9207|0.9587|18896
sachima004S(3),sachima,18840,0.9283|0.9628|20065,0.9356|0.9667|20036,0.8467|0.9170|17903,0.9503|0.9745|18024
sachima004S(4),sachima,16635,0.9278|0.9625|17818,0.9268|0.9620|17841,0.9208|0.9587|16137,0.9533|0.9761|15982
sachima004S(5),sachima,20425,0.9111|0.9535|22329,0.9174|0.9569|22196,0.8968|0.9456|20230,0.9504|0.9746|19509
sachima004S(6),sachima,20781,0.8706|0.9308|23742,0.8696|0.9302|23846,0.8862|0.9397|20737,0.9508|0.9748|19779
sachima004S(7),sachima,19965,0.9071|0.9513|21860,0.9077|0.9516|21889,0.8564|0.9227|20914,0.9450|0.9717|19004
sachima004S(8),sachima,18252,0.9074|0.9515|19950,0.9204|0.9586|19577,0.8525|0.9204|18919,0.9466|0.9726|17291
sachima004S(9),sachima,20473,0.9214|0.9591|22146,0.9200|0.9583|22178,0.8364|0.9109|20991,0.9382|0.9681|19209
sachima004T(1),sachima,30514,0.9484|0.9735|31486,0.9538|0.9763|31034,0.9305|0.9640|28817,0.9616|0.9804|29384
sachima004T(10),sachima,35250,0.9438|0.9711|36848,0.9489|0.9738|36932,0.9150|0.9556|32737,0.9332|0.9655|32898
sachima004T(11),sachima,30655,0.9480|0.9733|32134,0.9502|0.9745|32080,0.9036|0.9494|27926,0.9481|0.9734|29087
sachima004T(12),sachima,24109,0.9437|0.9710|25149,0.9401|0.9692|25227,0.9194|0.9580|22299,0.9568|0.9779|23074
sachima004T(13),sachima,28180,0.9556|0.9773|29167,0.9567|0.9779|29159,0.8161|0.8988|23088,0.8962|0.9453|25261
sachima004T(2),sachima,28486,0.9438|0.9711|29985,0.9561|0.9776|29466,0.9141|0.9551|26291,0.9555|0.9773|27231
sachima004T(3),sachima,30519,0.9280|0.9626|32753,0.9301|0.9638|32699,0.9058|0.9506|28177,0.9593|0.9792|29288
sachima004T(4),sachima,40105,0.9495|0.9741|41945,0.9548|0.9769|41657,0.9006|0.9477|37938,0.9534|0.9761|38238
sachima004T(5),sachima,31386,0.8952|0.9447|34954,0.8970|0.9457|34865,0.8932|0.9436|29178,0.9726|0.9861|30615
sachima004T(6),sachima,28203,0.9375|0.9677|30004,0.9409|0.9695|29786,0.9016|0.9482|26186,0.9372|0.9676|26433
sachima004T(7),sachima,27938,0.9236|0.9603|30027,0.9212|0.9590|30231,0.9050|0.9501|25722,0.9624|0.9809|26896
sachima004T(8),sachima,24455,0.9224|0.9597|26457,0.9281|0.9627|26226,0.9344|0.9661|23238,0.9673|0.9834|23686
sachima004T(9),sachima,27072,0.9410|0.9696|28723,0.9423|0.9703|28554,0.8576|0.9233|27321,0.9588|0.9790|25964
sachima005S(1),sachima,19243,0.9191|0.9579|20443,0.9229|0.9599|20180,0.8919|0.9428|19845,0.9687|0.9841|18679
sachima005S(10),sachima,18071,0.9185|0.9575|19521,0.9010|0.9479|19923,0.8782|0.9351|18125,0.9445|0.9715|17099
sachima005S(11),sachima,17701,0.8957|0.9450|19602,0.8983|0.9464|19596,0.8899|0.9418|17590,0.9541|0.9765|16923
sachima005S(12),sachima,19756,0.9372|0.9676|20888,0.9380|0.9680|20822,0.8576|0.9234|19401,0.9418|0.9700|18648
sachima005S(13),sachima,20840,0.9231|0.9600|22544,0.9293|0.9634|22192,0.8768|0.9344|19496,0.9222|0.9595|19248
sachima005S(14),sachima,17212,0.9528|0.9758|17610,0.9120|0.9540|18734,0.9273|0.9623|16527,0.9590|0.9791|16506
sachima005S(15),sachima,19503,0.8909|0.9423|21850,0.9246|0.9608|20015,0.8600|0.9247|18337,0.9432|0.9708|18395
sachima005S(16),sachima,15721,0.9199|0.9583|16928,0.9073|0.9514|17265,0.8428|0.9147|16790,0.9704|0.9850|15281
sachima005S(17),sachima,20027,0.9195|0.9581|21285,0.9253|0.9612|21315,0.8896|0.9416|19871,0.9646|0.9820|19343
sachima005S(18),sachima,16386,0.8954|0.9448|18169,0.8904|0.9420|18331,0.8814|0.9370|16424,0.9495|0.9741|15646
sachima005S(19),sachima,19854,0.9455|0.9720|20548,0.9364|0.9671|20984,0.9093|0.9525|20508,0.9745|0.9871|19387
sachima005S(2),sachima,18519,0.9337|0.9657|19659,0.9265|0.9619|19850,0.8922|0.9431|18902,0.9614|0.9803|17818
sachima005S(20),sachima,17814,0.9600|0.9796|18406,0.9623|0.9808|18337,0.9199|0.9583|17865,0.9656|0.9825|17209
sachima005S(21),sachima,20723,0.9062|0.9508|22793,0.9077|0.9516|22715,0.9014|0.9481|20312,0.9544|0.9767|19867
sachima005S(22),sachima,16392,0.8870|0.9401|18383,0.9053|0.9503|17881,0.8787|0.9354|16705,0.9558|0.9774|15679
sachima005S(3),sachima,20453,0.9172|0.9568|22252,0.9185|0.9575|22204,0.9247|0.9609|21420,0.9889|0.9944|20272
sachima005S(4),sachima,17155,0.9100|0.9529|18759,0.9102|0.9530|18797,0.8522|0.9202|17835,0.9472|0.9729|16270
sachima005S(5),sachima,19306,0.9038|0.9495|21287,0.9348|0.9663|20215,0.8443|0.9156|20130,0.9446|0.9715|18270
sachima005S(6),sachima,17148,0.9001|0.9474|18456,0.9023|0.9487|18536,0.8759|0.9339|17127,0.9482|0.9734|16311
sachima005S(7),sachima,18433,0.9262|0.9617|19743,0.9254|0.9613|19808,0.8563|0.9226|18836,0.9455|0.9720|17471
sachima005S(8),sachima,18796,0.9419|0.9701|19709,0.9289|0.9632|20072,0.8770|0.9345|19703,0.9584|0.9787|18094
sachima005S(9),sachima,19809,0.9104|0.9531|21571,0.9096|0.9526|21596,0.8650|0.9276|20701,0.9585|0.9788|19090
sachima005T(1),sachima,31755,0.9228|0.9599|34313,0.9241|0.9606|34207,0.9487|0.9737|30559,0.9704|0.9850|30842
sachima005T(10),sachima,41018,0.9198|0.9582|44410,0.9323|0.9650|43593,0.9345|0.9662|39338,0.9584|0.9788|39318
sachima005T(11),sachima,32517,0.9409|0.9696|34305,0.9439|0.9711|34000,0.8652|0.9277|35091,0.9802|0.9900|31910
sachima005T(12),sachima,41711,0.9385|0.9683|44390,0.9407|0.9695|44271,0.9408|0.9695|39277,0.9649|0.9822|40276
sachima005T(13),sachima,35242,0.9636|0.9814|36281,0.9622|0.9807|36392,0.9304|0.9639|33004,0.9713|0.9855|34259
sachima005T(14),sachima,37185,0.9590|0.9791|38422,0.9725|0.9861|37900,0.9222|0.9595|34796,0.9571|0.9781|35614
sachima005T(15),sachima,38014,0.9482|0.9734|39900,0.9506|0.9747|39687,0.9378|0.9679|35808,0.9511|0.9750|36168
sachima005T(16),sachima,35790,0.9507|0.9747|37386,0.9538|0.9764|37305,0.9270|0.9621|34046,0.9555|0.9772|34216
sachima005T(17),sachima,34694,0.9430|0.9706|36492,0.9459|0.9722|36360,0.9458|0.9721|33377,0.9648|0.9821|33502
sachima005T(18),sachima,52045,0.9708|0.9852|53365,0.9651|0.9822|53677,0.9517|0.9752|50127,0.9636|0.9815|50158
sachima005T(19),sachima,45821,0.9440|0.9712|48250,0.9447|0.9716|48208,0.9140|0.9551|43482,0.9376|0.9678|43018
sachima005T(2),sachima,29340,0.9463|0.9724|30838,0.9421|0.9702|30792,0.9288|0.9631|27664,0.9550|0.9770|28039
sachima005T(20),sachima,34114,0.9364|0.9672|35908,0.9363|0.9671|35989,0.9288|0.9631|32585,0.9596|0.9794|32736
sachima005T(21),sachima,36953,0.9614|0.9803|38082,0.9597|0.9794|38184,0.9288|0.9631|36015,0.9521|0.9755|35192
sachima005T(22),sachima,38154,0.9465|0.9725|40014,0.9454|0.9719|40021,0.8745|0.9331|39359,0.9635|0.9814|36776
sachima005T(3),sachima,25925,0.9474|0.9730|27249,0.9459|0.9722|27265,0.9256|0.9614|24496,0.9490|0.9738|24602
sachima005T(4),sachima,29606,0.9291|0.9633|31709,0.9140|0.9551|32349,0.9108|0.9533|27332,0.9355|0.9667|27723
sachima005T(5),sachima,35188,0.9355|0.9667|37420,0.9340|0.9659|37275,0.9270|0.9621|33398,0.9471|0.9728|33331
sachima005T(6),sachima,33906,0.9386|0.9683|35901,0.9216|0.9592|36699,0.9593|0.9792|33299,0.9798|0.9898|33242
sachima005T(7),sachima,37722,0.9637|0.9815|38592,0.9652|0.9823|38626,0.9433|0.9708|36439,0.9642|0.9818|36380
sachima005T(8),sachima,39094,0.9473|0.9729|40999,0.9493|0.9740|40803,0.9572|0.9781|38830,0.9771|0.9884|38216
sachima005T(9),sachima,37374,0.9166|0.9565|40503,0.9361|0.9670|39854,0.8512|0.9196|37438,0.9480|0.9733|35431
tomato004S(1),tomato,22897,0.9417|0.9700|24190,0.9421|0.9702|24153,0.9649|0.9821|23629,0.9994|0.9997|22903
tomato004S(10),tomato,21822,0.9472|0.9729|22538,0.9518|0.9753|22444,0.9805|0.9902|22092,0.9983|0.9992|21815
tomato004S(11),tomato,21654,0.9574|0.9782|22495,0.9607|0.9799|22073,0.9766|0.9881|21872,0.9963|0.9981|21574
tomato004S(12),tomato,23387,0.9343|0.9660|24869,0.9379|0.9679|24292,0.9690|0.9843|23123,0.9812|0.9905|22947
tomato004S(13),tomato,23471,0.9645|0.9819|24178,0.9572|0.9781|24368,0.9807|0.9903|23829,0.9984|0.9992|23443
tomato004S(14),tomato,21603,0.9566|0.9778|22342,0.9560|0.9775|22464,0.9593|0.9792|22108,0.9915|0.9957|21437
tomato004S(15),tomato,20859,0.9400|0.9691|22002,0.9401|0.9691|22027,0.9612|0.9802|21292,0.9915|0.9957|20685
tomato004S(16),tomato,20906,0.9421|0.9702|22012,0.9411|0.9697|22078,0.9716|0.9856|21448,0.9991|0.9995|20887
tomato004S(17),tomato,21985,0.9554|0.9772|22680,0.9544|0.9767|22695,0.9718|0.9857|22592,0.9997|0.9999|21979
tomato004S(18),tomato,21453,0.9490|0.9739|22377,0.9476|0.9731|22449,0.9554|0.9772|21357,0.9788|0.9893|20998
tomato004S(19),tomato,22593,0.9580|0.9786|23158,0.9540|0.9765|23290,0.9561|0.9776|23241,0.9930|0.9965|22435
tomato004S(2),tomato,22455,0.9038|0.9495|24655,0.9336|0.9656|23898,0.9585|0.9788|23391,0.9997|0.9999|22451
tomato004S(20),tomato,22421,0.9455|0.9720|23517,0.9428|0.9706|23640,0.9535|0.9762|22618,0.9813|0.9905|22001
tomato004S(21),tomato,21436,0.9411|0.9697|22620,0.9402|0.9692|22644,0.9694|0.9845|21331,0.9884|0.9942|21193
tomato004S(22),tomato,23571,0.9477|0.9732|24684,0.9454|0.9719|24675,0.9644|0.9819|24422,0.9998|0.9999|23572
tomato004S(23),tomato,22898,0.9554|0.9772|23758,0.9531|0.9760|23858,0.9705|0.9850|23094,0.9897|0.9948|22665
tomato004S(24),tomato,22024,0.9364|0.9672|23347,0.9352|0.9665|23340,0.9676|0.9835|22728,0.9996|0.9998|22022
tomato004S(25),tomato,22499,0.9591|0.9791|23214,0.9603|0.9797|23220,0.9766|0.9881|22936,0.9977|0.9988|22459
tomato004S(26),tomato,22037,0.9600|0.9796|22565,0.9560|0.9775|22710,0.9488|0.9737|22204,0.9767|0.9882|21526
tomato004S(27),tomato,21479,0.9400|0.9691|22723,0.9411|0.9697|22508,0.9586|0.9789|21554,0.9808|0.9903|21066
tomato004S(3),tomato,22980,0.9609|0.9801|23602,0.9612|0.9802|23568,0.9705|0.9850|22607,0.9801|0.9899|22528
tomato004S(4),tomato,21400,0.9663|0.9829|21857,0.9658|0.9826|21858,0.9745|0.9871|21216,0.9868|0.9933|21125
tomato004S(5),tomato,20760,0.9391|0.9686|21844,0.9353|0.9666|21887,0.9469|0.9727|21896,0.9997|0.9999|20764
tomato004S(6),tomato,22456,0.9405|0.9693|23518,0.9382|0.9681|23558,0.9719|0.9857|22045,0.9821|0.9909|22055
tomato004S(7),tomato,22881,0.9433|0.9708|24165,0.9414|0.9698|24182,0.9787|0.9892|23165,0.9979|0.9989|22832
tomato004S(8),tomato,20478,0.9201|0.9584|21892,0.9565|0.9778|21115,0.9703|0.9849|20446,0.9888|0.9944|20250
tomato004S(9),tomato,22274,0.9439|0.9711|23496,0.9393|0.9687|23587,0.9619|0.9806|21689,0.9707|0.9851|21623
tomato004T(1),tomato,37056,0.9535|0.9762|38534,0.9541|0.9765|38198,0.9408|0.9695|38854,0.9872|0.9936|36582
tomato004T(10),tomato,40229,0.9672|0.9833|40892,0.9670|0.9832|40861,0.9733|0.9865|40832,0.9951|0.9975|40031
tomato004T(11),tomato,47655,0.9739|0.9868|48620,0.9738|0.9867|48238,0.9771|0.9884|48137,0.9928|0.9964|47312
tomato004T(12),tomato,42667,0.9660|0.9827|43812,0.9687|0.9841|43529,0.9458|0.9721|45079,0.9991|0.9995|42672
tomato004T(13),tomato,40961,0.9623|0.9808|41957,0.9634|0.9814|41829,0.9415|0.9699|43038,0.9934|0.9967|40689
tomato004T(14),tomato,33379,0.9588|0.9789|34480,0.9609|0.9801|34405,0.9312|0.9644|35321,0.9907|0.9953|33067
tomato004T(15),tomato,37430,0.9602|0.9797|38796,0.9651|0.9823|38385,0.9261|0.9617|39762,0.9901|0.9950|37059
tomato004T(16),tomato,32346,0.9582|0.9787|33645,0.9599|0.9795|33484,0.9198|0.9582|34402,0.9879|0.9939|31962
tomato004T(17),tomato,32586,0.9603|0.9798|33653,0.9621|0.9807|33623,0.9418|0.9700|34491,0.9961|0.9981|32460
tomato004T(18),tomato,37948,0.9679|0.9837|39001,0.9686|0.9840|38833,0.9148|0.9555|40217,0.9856|0.9928|37403
tomato004T(19),tomato,38894,0.9600|0.9796|40046,0.9680|0.9838|39510,0.9735|0.9865|39748,0.9972|0.9986|38785
tomato004T(2),tomato,34687,0.9703|0.9849|35422,0.9695|0.9845|35367,0.9723|0.9859|34901,0.9906|0.9953|34361
tomato004T(20),tomato,39443,0.9588|0.9790|40819,0.9629|0.9811|40590,0.9064|0.9509|42236,0.9800|0.9899|38654
tomato004T(21),tomato,34593,0.9514|0.9751|36280,0.9608|0.9800|35742,0.9421|0.9702|35114,0.9741|0.9869|33698
tomato004T(22),tomato,34040,0.9644|0.9819|35087,0.9616|0.9804|35214,0.9317|0.9647|36422,0.9989|0.9995|34018
tomato004T(23),tomato,32972,0.9517|0.9752|34494,0.9571|0.9781|34208,0.8926|0.9433|36383,0.9955|0.9977|32974
tomato004T(24),tomato,29703,0.9562|0.9776|30922,0.9584|0.9788|30867,0.9371|0.9675|30499,0.9766|0.9881|29007
tomato004T(25),tomato,32908,0.9668|0.9831|33742,0.9615|0.9804|33696,0.9622|0.9807|34194,0.9995|0.9998|32922
tomato004T(26),tomato,45395,0.9648|0.9821|46696,0.9646|0.9820|46513,0.9413|0.9698|47689,0.9981|0.9991|45315
tomato004T(27),tomato,31465,0.9489|0.9738|33092,0.9540|0.9765|32876,0.9480|0.9733|33056,0.9976|0.9988|31422
tomato004T(3),tomato,40219,0.9718|0.9857|40862,0.9709|0.9852|40864,0.9803|0.9901|40356,0.9926|0.9963|39920
tomato004T(4),tomato,39558,0.9741|0.9869|40249,0.9714|0.9855|40086,0.9685|0.9840|40209,0.9928|0.9964|39274
tomato004T(5),tomato,37297,0.9749|0.9873|37916,0.9722|0.9859|37907,0.9745|0.9871|37474,0.9892|0.9946|36895
tomato004T(6),tomato,42519,0.9733|0.9865|43205,0.9718|0.9857|43119,0.9719|0.9857|43296,0.9950|0.9975|42331
tomato004T(7),tomato,35914,0.9705|0.9850|36533,0.9694|0.9845|36582,0.9725|0.9860|36476,0.9930|0.9965|35662
tomato004T(8),tomato,41928,0.9692|0.9844|42535,0.9664|0.9829|42954,0.9675|0.9835|42417,0.9916|0.9958|41575
tomato004T(9),tomato,44150,0.9697|0.9846|45155,0.9707|0.9851|44707,0.9549|0.9769|45401,0.9926|0.9963|43847
